ID,Address,Rooms,Type,Price,Date,Bathroom,Car,Landsize,Age,Lattitude,Longtitude
ID253199063,8 Kinnane Cr,3,h,830500.0,8/07/2017,1.0,2.0,508.0,69.0,-37.7807,144.83648
ID764854482,9 Banks Pl,3,h,742000.0,26/08/2017,2.0,2.0,375.0,44.0,-37.68415,144.8999
ID765581220,112 Belmore Rd,5,h,3020000.0,28/05/2016,3.0,2.0,715.0,10.0,-37.8028,145.0768
ID364066284,12 Rasmussen Ct,4,h,922000.0,1/07/2017,2.0,2.0,463.0,59.0,-37.73704,144.97959
ID879430645,29 Alfred St,2,h,825000.0,14/05/2016,1.0,0.0,111.0,109.0,-37.835,144.9373
ID911049979,4/31 Cooper St,2,u,707000.0,22/04/2017,1.0,1.0,179.0,5.0,-37.7514,144.8966
ID873374349,35 Dixon St,3,h,2050000.0,4/06/2016,2.0,1.0,231.0,129.0,-37.8607,145.0373
ID552311046,4 Erica St,2,h,1350000.0,27/11/2016,1.0,2.0,181.0,49.0,-37.8549,145.0006
ID882525140,2/102 Bent St,3,t,870000.0,23/04/2016,2.0,2.0,156.0,19.0,-37.7631,144.9357
ID495604577,4 Robinson Gr,5,h,1730000.0,13/05/2017,4.0,4.0,564.0,64.0,-37.7735,145.0936
ID777822828,44 Moorna Dr,4,t,950000.0,12/08/2017,2.0,1.0,255.0,139.0,-37.72572,144.86848
ID450037385,21a Edgar St,3,u,465000.0,4/06/2016,1.0,1.0,225.0,14.0,-37.7068,144.9467
ID626841302,10 Matthews St,3,h,960000.0,15/07/2017,2.0,2.0,655.0,34.0,-37.79352,144.84318000000005
ID624139031,2 Hazel Gr,2,h,915000.0,10/12/2016,1.0,3.0,629.0,44.0,-37.7312,144.9399
ID430390244,28 Wanda Rd,4,h,2830000.0,15/10/2016,2.0,2.0,723.0,109.0,-37.8672,145.0225
ID626452282,3/46 Tibrockney St,2,h,548000.0,17/06/2017,1.0,1.0,0.0,49.0,-37.95037,145.03473
ID154187827,40 Borva Dr,3,h,601200.0,27/06/2016,1.0,1.0,554.0,59.0,-37.7303,144.8636
ID349316169,2/52 Walter St,3,u,500000.0,17/06/2017,1.0,1.0,388.0,27.0,-37.731629999999996,144.80697
ID628404573,353 Waterdale Rd,2,h,855000.0,18/03/2017,1.0,0.0,693.0,59.0,-37.7534,145.0454
ID597744621,124 Carrick Dr,3,h,645000.0,22/07/2017,1.0,1.0,556.0,59.0,-37.695840000000004,144.89379
ID927658476,506/220 Commercial Rd,3,u,1400000.0,4/06/2016,2.0,2.0,0.0,99.0,-37.847,144.9936
ID309627513,54 Princes St,3,h,917000.0,29/04/2017,1.0,0.0,143.0,129.0,-37.7868,144.9336
ID837951228,14 Duncan Ct,4,h,675000.0,8/07/2017,2.0,4.0,744.0,49.0,-37.6815,144.87892
ID486424778,10 Intervale Dr,4,h,790000.0,27/11/2016,2.0,2.0,570.0,24.0,-37.7513,144.859
ID727312850,7/8 The Avenue,1,u,501000.0,16/07/2016,1.0,1.0,0.0,14.0,-37.8571,144.9979
ID385221096,3/907 Dandenong Rd,1,u,300000.0,23/04/2016,1.0,1.0,0.0,6.0,-37.8764,145.0463
ID497096054,77 Union St,2,h,1634000.0,28/08/2016,1.0,2.0,376.0,99.0,-37.7789,144.9952
ID164771215,19 Balcombe St,3,h,555000.0,4/06/2016,1.0,1.0,565.0,79.0,-37.7781,144.8451
ID741595056,1/166 Mitchell St,3,h,673000.0,14/05/2016,1.0,2.0,285.0,109.0,-37.7813,144.8678
ID175434615,16 Vincent St,4,h,3500000.0,7/05/2016,2.0,2.0,859.0,68.0,-37.8625,145.04399999999995
ID465049277,200 Railway Pde,3,h,650000.0,8/07/2017,1.0,1.0,637.0,104.0,-37.97593,145.18931
ID381331942,227a Danks St,3,h,2030000.0,28/08/2016,2.0,0.0,152.0,129.0,-37.8488,144.9551
ID141517261,119 Hughes Pde,3,h,680000.0,16/04/2016,1.0,4.0,527.0,54.0,-37.6983,144.9941
ID515990390,658 Lygon St,2,h,880000.0,18/06/2016,1.0,0.0,142.0,49.0,-37.7911,144.9688
ID987781673,78 Albenca St,5,h,1300000.0,26/08/2017,2.0,2.0,1006.0,49.0,-37.97404,145.07541
ID183972348,50 Home Rd,3,h,1199000.0,25/02/2017,1.0,3.0,506.0,119.0,-37.841,144.8878
ID463179097,4/31 Millers Rd,2,u,391000.0,11/02/2017,1.0,1.0,0.0,54.0,-37.8678,144.8384
ID853031057,171 Essex St,3,h,879000.0,23/09/2017,1.0,2.0,377.0,69.0,-37.79285,144.86969
ID115646478,18 Chapel St,2,h,1015000.0,16/07/2016,1.0,1.0,131.0,129.0,-37.8274,144.9967
ID851656587,17 Birdwood St,1,h,2100000.0,17/06/2017,1.0,1.0,678.0,3.0,-37.80292,145.06423999999996
ID577026905,5/14 Busch St,2,h,450000.0,27/11/2016,1.0,1.0,0.0,39.0,-37.7956,144.8762
ID154102894,9 Cook St,3,h,981000.0,4/06/2016,3.0,2.0,626.0,3.0,-37.76,145.0326
ID675805977,29 Oak St,4,h,3900000.0,27/05/2017,2.0,1.0,595.0,17.0,-37.813959999999994,145.01899
ID942823042,154 Grandview Gr,4,h,1380000.0,8/04/2017,2.0,2.0,607.0,119.0,-37.7334,145.0631
ID269048508,3 Bakers Pde,3,h,1300000.0,27/05/2017,1.0,3.0,484.0,99.0,-37.75416,144.94491000000005
ID126252503,2/72 Dendy St,3,t,1427000.0,18/03/2017,2.0,1.0,313.0,69.0,-37.9206,145.0
ID784674954,31 Boyce Av,3,h,830000.0,12/08/2017,1.0,2.0,905.0,57.0,-37.7063,145.12215
ID475030622,1 Delaware St,2,h,861500.0,13/05/2017,1.0,1.0,419.0,79.0,-37.721,145.016
ID275795195,9A Comas Rd,3,h,1150000.0,23/09/2017,2.0,2.0,335.0,23.0,-37.97316,145.04041999999995
ID962754453,39 Heath St,2,h,900000.0,14/05/2016,1.0,0.0,124.0,119.0,-37.8356,144.9439
ID887136455,156 Patterson Rd,3,h,1110000.0,6/08/2016,1.0,2.0,692.0,79.0,-37.9263,145.04
ID388421314,56a Leinster Gr,3,t,1070000.0,24/09/2016,2.0,2.0,158.0,12.0,-37.7588,144.9881
ID424750185,10 Neil St,4,h,970000.0,8/04/2017,1.0,2.0,528.0,79.0,-37.7969,144.8647
ID288186086,4 Dennis St,3,h,830000.0,16/07/2016,1.0,2.0,671.0,64.0,-37.7187,145.0127
ID206016005,2 Scotchmer St,2,h,1210000.0,15/10/2016,1.0,1.0,223.0,134.0,-37.7829,144.9782
ID157478974,382A Smith St,2,t,931000.0,16/09/2017,1.0,1.0,109.0,18.0,-37.79737,144.98492
ID503204749,11 Cromer Pl,4,h,705000.0,15/07/2017,2.0,3.0,815.0,19.0,-37.71757,144.81328
ID739229370,16 Bottlebrush Rd,4,h,565000.0,12/08/2017,2.0,2.0,482.0,7.0,-37.57416,144.91269
ID867631096,18A Hart St,3,t,730000.0,17/06/2017,1.0,2.0,242.0,9.0,-37.72893,144.88859
ID628108624,2/28 Broadmeadows Rd,2,u,470000.0,15/07/2017,1.0,1.0,161.0,59.0,-37.705859999999994,144.87947
ID419246178,1 Gladesville Dr,5,h,1220000.0,1/07/2017,2.0,2.0,611.0,69.0,-37.93228,145.07026000000005
ID515429643,1 Chisholm St,3,u,726000.0,24/09/2016,1.0,1.0,229.0,23.0,-37.7606,144.8973
ID255215697,1A Wallen St,2,h,1035000.0,27/05/2017,1.0,1.0,542.0,34.0,-37.91704,145.01846
ID117747636,11 Evelyn Ct,4,h,970000.0,19/08/2017,2.0,2.0,364.0,24.0,-37.96853,145.12948
ID508339610,14 Carbine Wy,3,h,675000.0,8/07/2017,2.0,4.0,708.0,44.0,-37.72659,144.79668
ID790721591,3a Irving St,3,h,780000.0,3/09/2016,2.0,2.0,274.0,6.0,-37.7353,144.8907
ID233607449,6 Mandrel St,2,t,505500.0,17/06/2017,1.0,1.0,59.0,5.0,-37.778240000000004,144.87427
ID738594728,4 Toorang Ct,4,h,435000.0,15/07/2017,2.0,2.0,553.0,14.0,-38.08699,145.48273
ID209627085,4 Bennett St,3,h,1390000.0,3/12/2016,1.0,2.0,697.0,79.0,-37.851,145.1169
ID924067489,75 Crisp St,5,h,3201000.0,18/03/2017,3.0,2.0,760.0,84.0,-37.9416,145.0107
ID376297028,8/33 McIntyre St,3,u,746000.0,17/09/2016,1.0,2.0,308.0,24.0,-37.8505,145.1065
ID885287747,2 Oxford St,2,h,892000.0,8/10/2016,1.0,1.0,335.0,59.0,-37.8452,145.0959
ID884772195,5 Flourish Wy,4,h,463000.0,22/07/2017,2.0,2.0,358.0,7.0,-37.91807,144.63816
ID456969768,2/232 Warrigal Rd,3,t,680000.0,3/09/2016,2.0,1.0,189.0,24.0,-37.9122,145.0853
ID779151629,34 Moorna Dr,4,h,978000.0,24/09/2016,3.0,2.0,532.0,44.0,-37.7263,144.869
ID728030818,23 Gardner St,3,t,1012000.0,27/06/2016,2.0,1.0,80.0,59.0,-37.8155,145.0061
ID220216941,6 Rodman St,3,h,905000.0,19/11/2016,1.0,2.0,950.0,59.0,-37.7022,145.0078
ID809724999,10/4 Rae Ct,1,u,500500.0,4/03/2017,1.0,1.0,0.0,74.0,-37.857,145.0027
ID294359757,2/115 Gillies St,2,u,505000.0,7/11/2016,1.0,1.0,0.0,49.0,-37.7755,145.0178
ID832377096,6 Wilson Gr,3,h,1602500.0,18/03/2017,1.0,1.0,405.0,89.0,-37.8448,145.071
ID807147538,24 Flora Gr,3,h,1605000.0,6/08/2016,1.0,1.0,624.0,69.0,-37.7741,145.0506
ID888056709,2/5 Denham St,2,u,762000.0,17/06/2017,1.0,1.0,1583.0,49.0,-37.81857,145.01703999999995
ID717143360,5 MacKenzie St,3,h,1222500.0,10/12/2016,1.0,0.0,331.0,129.0,-37.7619,144.959
ID203558319,4/254 Waverley Rd,2,u,611000.0,22/07/2017,1.0,1.0,161.0,49.0,-37.8837,145.11526
ID400082623,50 Milleara Rd,3,h,850000.0,12/08/2017,1.0,1.0,597.0,69.0,-37.73305,144.86526
ID396877584,13A Queens Pde,3,t,577000.0,27/05/2017,1.0,1.0,164.0,16.0,-37.71976,144.97121
ID687405445,4/77 Pender St,2,u,350000.0,18/06/2016,1.0,1.0,0.0,59.0,-37.7542,145.01
ID616678253,1 Dongola Rd,3,h,935000.0,22/04/2017,1.0,2.0,325.0,94.0,-37.7922,144.8818
ID743112231,54 Sussex St,3,h,890000.0,3/09/2017,1.0,2.0,338.0,113.0,-37.8195,144.88908
ID195737844,3 Dava Ct,4,h,670000.0,3/09/2017,2.0,2.0,729.0,39.0,-37.6927,144.89395
ID582708500,4/118 Rose St,1,t,580000.0,19/08/2017,1.0,1.0,782.0,21.0,-37.796170000000004,144.97982
ID271099422,112 Eureka Dr,4,h,478000.0,8/07/2017,2.0,2.0,400.0,11.0,-37.87047000000001,144.59864
ID875333116,24 Willis St,3,h,1770000.0,28/08/2016,2.0,1.0,720.0,64.0,-37.7938,145.0838
ID543711455,177 Raleigh St,3,h,1750000.0,6/05/2017,1.0,3.0,712.0,8.0,-37.7598,145.0118
ID314620264,6 Douglas St,4,h,1185000.0,27/05/2017,2.0,1.0,625.0,34.0,-37.74301,145.07148999999995
ID180297111,70 Forrest St,3,h,600000.0,22/05/2016,1.0,1.0,697.0,91.0,-37.7842,144.8175
ID777319230,16 Blenheim Rd,3,h,1176000.0,18/06/2016,1.0,2.0,767.0,59.0,-37.8466,144.8636
ID154335040,14/36 Lisson Gr,1,u,560000.0,3/06/2017,1.0,1.0,0.0,49.0,-37.82694,145.03094
ID699602856,5/60 Chomley St,2,u,473000.0,14/05/2016,1.0,1.0,0.0,131.0,-37.8559,145.006
ID952504251,1 Lincoln Wy,4,h,430000.0,23/09/2017,1.0,3.0,675.0,39.0,-37.673629999999996,144.55888000000004
ID183572471,171 Southern Rd,3,h,950000.0,22/04/2017,1.0,3.0,695.0,63.0,-37.7416,145.0406
ID994483469,37 Godfrey St,4,h,2700000.0,4/06/2016,3.0,2.0,628.0,19.0,-37.9155,145.0401
ID415661175,2/166 Mitchell St,4,t,821000.0,29/07/2017,3.0,2.0,294.0,5.0,-37.78133,144.86768
ID151641842,20 Dalston Rd,3,h,1340000.0,3/12/2016,1.0,1.0,705.0,99.0,-37.8994,145.0816
ID519017660,27 Moore St,3,h,800000.0,28/08/2016,1.0,1.0,207.0,109.0,-37.7687,144.9203
ID717280762,23 Morden Ct,4,h,1570000.0,27/05/2017,2.0,1.0,746.0,119.0,-37.826029999999996,145.1721
ID862138876,58 Kernot St,4,t,915000.0,16/04/2016,3.0,1.0,662.0,3.0,-37.8307,144.8725
ID976276221,106/360 Lygon St,2,u,480000.0,28/05/2016,2.0,1.0,0.0,79.0,-37.7679,144.9725
ID405286306,36a Barrington St,3,t,780000.0,28/08/2016,2.0,1.0,209.0,7.0,-37.9131,145.07
ID971370181,1231 North Rd,4,h,991000.0,18/03/2017,1.0,2.0,683.0,44.0,-37.9107,145.0975
ID818058901,24 Sunnyside Rd,3,h,2000000.0,1/07/2017,1.0,2.0,1028.0,54.0,-37.89757,145.11825
ID392803356,42 Grant St,3,h,1500000.0,8/04/2017,1.0,1.0,230.0,119.0,-37.788000000000004,144.9967
ID584394421,74 Dudley St,4,h,1900000.0,15/07/2017,1.0,2.0,168.0,6.0,-37.808840000000004,144.95291
ID952009790,5 Jessie St,4,h,1001000.0,30/07/2016,2.0,2.0,581.0,79.0,-37.7905,144.8414
ID645629939,17 Rusden St,4,h,1500000.0,30/07/2016,2.0,1.0,549.0,29.0,-37.8869,144.9982
ID125330977,196 Blyth St,5,h,1480000.0,13/05/2017,3.0,4.0,725.0,39.0,-37.8712,144.8107
ID145502960,53 Rankins Rd,2,h,990000.0,3/06/2017,1.0,0.0,165.0,89.0,-37.7902,144.93192
ID829536081,639 Punt Rd,4,h,1855500.0,8/07/2017,2.0,1.0,176.0,139.0,-37.839859999999994,144.98598
ID844458601,9 Edith Ct,3,h,1290000.0,12/08/2017,1.0,2.0,537.0,6.0,-37.92445,145.06824
ID535855167,6 Aberdeen Rd,3,h,1390000.0,19/08/2017,2.0,1.0,125.0,17.0,-37.85257,145.00296
ID718432601,20 Greig St,3,h,881000.0,18/06/2016,1.0,2.0,217.0,129.0,-37.8075,144.8909
ID597453619,117 Brees Rd,3,h,976000.0,12/11/2016,3.0,2.0,605.0,39.0,-37.7459,144.8788
ID687955790,35 Adrian St,5,h,2400000.0,30/07/2016,3.0,2.0,709.0,89.0,-37.8529,145.0806
ID581626815,9/3 Gordon St,1,u,240000.0,17/06/2017,1.0,1.0,1015.0,49.0,-37.78778,144.89037
ID310106329,28 Guildford Rd,3,h,2009000.0,3/09/2016,1.0,2.0,843.0,19.0,-37.821999999999996,145.0897
ID407131104,2/67 Nimmo St,2,u,645000.0,27/06/2016,1.0,1.0,170.0,25.0,-37.7475,144.8959
ID274877070,25 High St,3,h,895000.0,29/04/2017,1.0,2.0,775.0,69.0,-37.7075,145.0807
ID720794042,12/32 Argyle St,2,h,438000.0,8/10/2016,1.0,2.0,0.0,49.0,-37.7952,144.8749
ID854277194,1/30 Grenville St,2,u,895000.0,3/09/2016,1.0,1.0,228.0,44.0,-37.9355,145.0008
ID944718168,3/19 Herbert St,2,u,520000.0,10/09/2016,1.0,1.0,1034.0,69.0,-37.8717,144.9829
ID252450831,4 Holberry St,3,h,560000.0,22/07/2017,1.0,1.0,639.0,59.0,-37.69142,144.93025
ID692778292,2/37 Thomas St,2,u,600800.0,29/07/2017,1.0,1.0,1625.0,59.0,-37.84237,145.09257
ID403154013,6/1 Monaro Rd,2,h,1290000.0,15/10/2016,2.0,2.0,0.0,29.0,-37.8407,145.0343
ID676920767,316/145 Roden St,1,u,295000.0,29/04/2017,1.0,1.0,0.0,6.0,-37.8084,144.9473
ID888094149,26 Howitt St,2,u,851000.0,20/05/2017,1.0,1.0,284.0,139.0,-37.8471,145.0019
ID688762007,98 Barkly St,4,h,1900000.0,10/09/2016,2.0,1.0,227.0,7.0,-37.7776,144.9726
ID487081089,70 Anderson St,3,h,1262000.0,16/09/2017,2.0,2.0,343.0,39.0,-37.844609999999996,144.87515
ID834646259,9 Mill Ct,4,h,1200000.0,27/05/2017,3.0,3.0,858.0,7.0,-37.91874,145.19156999999996
ID233220303,10 Wallara Rd,3,h,390000.0,3/06/2017,1.0,2.0,530.0,32.0,-37.901109999999996,144.63302
ID950220030,185 Moreland Rd,1,h,482500.0,23/04/2016,1.0,1.0,108.0,99.0,-37.7554,144.9648
ID640925319,4 Merrill Cr,3,h,790000.0,3/09/2017,2.0,2.0,659.0,32.0,-37.77473,145.26256
ID582708500,4/118 Rose St,1,t,580000.0,19/08/2017,1.0,1.0,782.0,21.0,-37.796170000000004,144.97982
ID795188244,5/576 Glenferrie Rd,2,u,418000.0,7/11/2016,1.0,0.0,1056.0,129.0,-37.8261,145.0349
ID442741354,29/100 Commercial Rd,3,u,750000.0,4/06/2016,2.0,2.0,0.0,15.0,-37.8453,144.9849
ID532663563,34 Green St,2,h,1000000.0,8/10/2016,1.0,0.0,146.0,139.0,-37.8274,144.9947
ID715435292,6/20 Denmark Hill Rd,1,u,441000.0,27/05/2017,1.0,0.0,0.0,59.0,-37.8327,145.05428
ID791833084,74 Lincoln Dr,4,h,845000.0,4/06/2016,1.0,1.0,622.0,54.0,-37.7425,144.8683
ID518006402,45 Albert St,2,h,769000.0,18/06/2016,1.0,1.0,265.0,49.0,-37.853,144.8928
ID252138451,90 Murray Rd,2,h,799900.0,10/12/2016,1.0,2.0,460.0,44.0,-37.7397,145.0209
ID321248815,470 Waterdale Rd,3,h,631000.0,30/07/2016,1.0,1.0,596.0,59.0,-37.7432,145.0479
ID320521468,14 Moore St,2,h,1214000.0,8/04/2017,1.0,0.0,161.0,119.0,-37.8454,144.9891
ID856326394,42a Essex Rd,4,h,1725000.0,18/06/2016,2.0,2.0,798.0,44.0,-37.8308,145.0916
ID858342938,4 Wynnewood Ct,5,h,2330000.0,12/08/2017,2.0,2.0,862.0,24.0,-37.75571,145.15521
ID698636158,146 Elizabeth St,3,h,2000000.0,24/09/2016,1.0,1.0,973.0,5.0,-37.7284,144.9843
ID802990694,87A Wyong St,3,h,635000.0,8/04/2017,2.0,1.0,162.0,4.0,-37.7308,144.8664
ID547788958,68 Bournian Av,4,h,1625000.0,23/09/2017,3.0,2.0,224.0,69.0,-37.73545,144.92164
ID902432565,44 Devereaux St,3,h,706000.0,7/11/2016,1.0,0.0,715.0,59.0,-37.7143,144.9092
ID538557812,5/1 Dargi Grn,3,t,360000.0,8/07/2017,1.0,1.0,0.0,10.0,-37.70624,144.74042
ID475358192,117 Charles St,3,h,1255000.0,28/05/2016,1.0,1.0,231.0,109.0,-37.8467,144.9894
ID739552538,61/88 Wells St,3,u,720000.0,30/07/2016,2.0,1.0,0.0,19.0,-37.8273,144.9685
ID867882734,192 Haughton Rd,3,h,1265000.0,24/06/2017,1.0,1.0,743.0,59.0,-37.91282,145.10376000000005
ID717599736,14 Kawarren St,4,h,1750000.0,4/03/2017,2.0,2.0,673.0,59.0,-37.7856,145.0918
ID214120030,3 Thorpdale Av,3,h,457000.0,3/09/2017,1.0,2.0,551.0,44.0,-37.65532,144.93393
ID453727886,2 Bonar St,3,h,994000.0,10/12/2016,2.0,2.0,807.0,69.0,-37.7453,145.0559
ID263459444,19 Hedderwick St,4,h,1250000.0,25/02/2017,2.0,2.0,644.0,69.0,-37.7997,145.0993
ID295701265,4 Norris St,4,h,2860000.0,7/11/2016,2.0,2.0,779.0,5.0,-37.8185,145.0878
ID858864608,34 Martin St,4,h,1031000.0,22/05/2016,1.0,1.0,570.0,79.0,-37.7523,145.0604
ID251889486,13 Tennyson St,3,h,1080000.0,19/08/2017,1.0,2.0,652.0,44.0,-37.95422,145.054
ID590782094,8 Banool Ct,4,h,932000.0,1/07/2017,2.0,2.0,880.0,49.0,-37.79587,145.2683
ID696373231,17 Prospect St,3,h,880000.0,27/06/2016,2.0,2.0,588.0,59.0,-37.7283,144.9356
ID983389484,14 Rowan Dr,3,h,570000.0,29/04/2017,1.0,2.0,557.0,39.0,-37.7279,144.8224
ID941009986,2 Dundas Pl,3,h,2615000.0,10/12/2016,2.0,1.0,177.0,139.0,-37.8415,144.9585
ID301717111,16/341 Heidelberg Rd,2,u,471250.0,29/04/2017,1.0,1.0,1000.0,94.0,-37.7836,145.0139
ID417179382,15 Stanley St,3,h,980000.0,4/03/2017,2.0,3.0,1029.0,69.0,-37.7115,144.9147
ID888787783,5 Reys Cl,4,h,1285000.0,16/09/2017,2.0,4.0,656.0,39.0,-38.00394,145.1025
ID816294964,55 Withers St,4,h,2800000.0,18/06/2016,3.0,1.0,327.0,109.0,-37.8467,144.9475
ID966497287,21 Roberts St,3,t,899000.0,7/05/2016,2.0,1.0,116.0,12.0,-37.7667,144.9821
ID540232661,54 Marshall Rd,3,h,720000.0,6/08/2016,1.0,1.0,620.0,8.0,-37.7173,144.8872
ID113987966,11 Woolnough Dr,3,h,602000.0,8/07/2017,1.0,1.0,546.0,42.0,-37.65359,145.04276000000004
ID957590857,1A Abassia St,3,t,1557000.0,17/06/2017,2.0,2.0,292.0,9.0,-37.80259,145.09878
ID367422999,123/56 Nicholson St,2,u,750000.0,12/11/2016,2.0,1.0,0.0,10.0,-37.8078,144.9965
ID486479369,2A Bolingbroke St,2,t,520000.0,22/04/2017,1.0,1.0,0.0,8.0,-37.7324,144.9377
ID257880224,4/24 St Elmo Rd,2,t,779000.0,17/09/2016,1.0,2.0,152.0,49.0,-37.7635,145.0464
ID624139031,2 Hazel Gr,2,h,915000.0,10/12/2016,1.0,3.0,629.0,44.0,-37.7312,144.9399
ID611635547,20 Balmoral St,3,h,730000.0,11/03/2017,2.0,2.0,544.0,49.0,-37.7815,144.855
ID429844511,487 Brunswick Rd,3,h,1150000.0,27/11/2016,1.0,2.0,726.0,69.0,-37.7747,144.9421
ID699893873,1/13 Johnston St,4,u,813000.0,20/05/2017,1.0,2.0,360.0,29.0,-37.8499,145.1306
ID407865108,13 Tasker St,3,h,1010000.0,16/04/2016,2.0,2.0,751.0,51.0,-37.77,145.1025
ID837255625,27 Station Rd,3,t,763000.0,23/09/2017,2.0,2.0,220.0,23.0,-37.71467,144.91997
ID683108342,12 Hughes St,3,h,1775000.0,3/09/2017,1.0,1.0,602.0,94.0,-37.92066,145.01629
ID751229000,73 Major Rd,3,h,526000.0,7/11/2016,1.0,1.0,404.0,59.0,-37.7075,144.9678
ID885979098,1/12 Clarendon St,3,h,490000.0,26/07/2016,1.0,2.0,269.0,59.0,-37.7844,144.8665
ID726202459,8 Ferrars Pl,4,h,4100000.0,27/05/2017,2.0,1.0,403.0,119.0,-37.83737,144.95799
ID828855838,147A Male St,2,t,1037000.0,25/02/2017,1.0,2.0,125.0,10.0,-37.9078,145.0051
ID806721706,21 Bruce St,3,h,1535000.0,28/08/2016,2.0,2.0,572.0,89.0,-37.9148,145.0404
ID463613484,12 Mell St,2,h,1900000.0,25/02/2017,2.0,0.0,218.0,14.0,-37.847,145.0064
ID338506254,89 Cheddar Rd,5,h,1050000.0,22/08/2016,2.0,1.0,578.0,7.0,-37.7061,145.0147
ID180238904,14 Florence St,3,h,977000.0,19/11/2016,1.0,2.0,543.0,49.0,-37.9242,145.0705
ID151776096,1/70 Williams Rd,2,h,910000.0,19/11/2016,1.0,1.0,183.0,89.0,-37.8543,145.0024
ID804966612,3 Oakleigh Rd,3,h,1620000.0,3/12/2016,1.0,1.0,808.0,100.0,-37.8982,145.0461
ID248723040,30 Daphne St,3,h,1385000.0,27/05/2017,2.0,3.0,654.0,53.0,-37.78496,145.14659
ID321141342,232 Williams Rd,3,h,1635000.0,3/12/2016,1.0,2.0,386.0,19.0,-37.8435,145.0043
ID500551343,3 Xavier Gr,3,h,920000.0,4/06/2016,2.0,2.0,623.0,5.0,-37.7276,145.0165
ID505643632,25 View St,5,h,1115000.0,15/07/2017,2.0,2.0,590.0,19.0,-37.92304,145.10984
ID955944034,3/41 Fordham Rd,2,t,495000.0,12/11/2016,1.0,1.0,96.0,6.0,-37.7139,145.0198
ID876381027,84 Beachview Pde,4,h,690000.0,15/07/2017,2.0,2.0,540.0,7.0,-37.90715,144.76527
ID125176104,2/27 Pakington St,2,u,610000.0,25/02/2017,1.0,1.0,745.0,51.0,-37.8024,145.0346
ID589109567,1/10 Scotia St,2,u,675000.0,8/10/2016,1.0,1.0,206.0,104.0,-37.7694,144.9059
ID406915922,3 Dumblane St,5,h,3300000.0,3/12/2016,4.0,2.0,760.0,4.0,-37.7907,145.0907
ID488629214,27/16 Goodwood St,2,t,810000.0,18/06/2016,1.0,1.0,94.0,109.0,-37.8201,144.9927
ID772507797,5 Viewbank Dr,3,h,823000.0,27/11/2016,1.0,2.0,538.0,39.0,-37.7486,144.8778
ID865064489,7 Bank St,3,h,1600000.0,3/12/2016,2.0,1.0,115.0,18.0,-37.8163,144.9984
ID877930681,11 Brislington St,3,h,679500.0,26/07/2016,1.0,1.0,351.0,17.0,-37.7843,144.8392
ID746461102,4/799 Burwood Rd,2,u,420000.0,4/03/2017,1.0,1.0,0.0,49.0,-37.8245,145.0527
ID468335471,2 Quarry Cct,4,h,1131000.0,8/10/2016,2.0,2.0,494.0,18.0,-37.7359,144.9711
ID131780820,10 Silverdale Rd,3,h,2270000.0,17/06/2017,1.0,2.0,1143.0,13.0,-37.76774,145.05303
ID852053245,43 Fernhurst Gr,4,h,1690000.0,4/03/2017,3.0,1.0,358.0,49.0,-37.8034,145.0283
ID719184746,27 MacPherson St,2,h,882000.0,29/04/2017,1.0,0.0,172.0,119.0,-37.7936,144.8905
ID502764617,10/117 Albert St,2,u,355000.0,24/09/2016,1.0,1.0,0.0,44.0,-37.8066,144.8971
ID905640979,4 Marriage Rd,4,h,1850000.0,3/09/2016,2.0,2.0,617.0,79.0,-37.9187,145.007
ID195767270,17/393 Toorak Rd,1,u,400000.0,14/05/2016,1.0,1.0,1424.0,49.0,-37.8402,145.0029
ID246885082,21 Ryder St,3,h,810000.0,8/04/2017,2.0,1.0,297.0,64.0,-37.738,144.8865
ID952504251,1 Lincoln Wy,4,h,430000.0,23/09/2017,1.0,3.0,675.0,39.0,-37.673629999999996,144.55888000000004
ID610020001,6 Irene Pl,3,h,1530000.0,18/03/2017,1.0,0.0,231.0,49.0,-37.8498,145.0039
ID671634164,1/136 Wright St,2,u,260000.0,3/09/2016,1.0,1.0,79.0,59.0,-37.7952,144.8262
ID137139876,14/410 Waverley Rd,3,t,922000.0,10/09/2016,2.0,2.0,0.0,19.0,-37.8782,145.0649
ID634532745,150 Gooch St,3,h,1240000.0,3/06/2017,1.0,1.0,435.0,49.0,-37.75915,145.01043
ID512782871,5 Alice St,3,h,1100000.0,23/09/2017,2.0,2.0,603.0,15.0,-37.97462,145.07906
ID722416419,3A Homebush Ct,3,h,777000.0,22/07/2017,2.0,2.0,502.0,42.0,-37.82268,145.25058
ID954498381,92 Madden Gr,2,h,881000.0,16/04/2016,1.0,1.0,172.0,119.0,-37.8283,145.012
ID636612901,17 Payne St,3,h,586000.0,23/09/2017,1.0,1.0,534.0,59.0,-37.686409999999995,144.88487
ID562537976,16 Sandover Dr,4,h,570000.0,3/09/2017,2.0,2.0,504.0,19.0,-37.61419,144.93448
ID524213065,603/29 Nicholson St,2,u,615000.0,29/07/2017,1.0,1.0,0.0,11.0,-37.77887,144.97797
ID511834101,7 Clevedon Ct,4,h,1950000.0,8/10/2016,2.0,2.0,400.0,19.0,-37.8147,145.0438
ID745524023,63 Hawkhurst St,3,h,1050000.0,12/11/2016,1.0,2.0,442.0,79.0,-37.8201,144.872
ID645271228,2/20 Albenca St,3,t,881000.0,19/08/2017,2.0,1.0,332.0,39.0,-37.98001,145.07457
ID169669604,25 Fyfe St,2,t,575000.0,27/05/2017,2.0,1.0,151.0,4.0,-37.70426,145.01203999999996
ID526161701,43 Stawell St,3,h,830000.0,17/06/2017,2.0,2.0,1025.0,49.0,-37.90188,144.65138000000005
ID383276614,126 The Parade,2,h,1010000.0,19/11/2016,1.0,1.0,325.0,49.0,-37.7722,144.9117
ID211985858,3 England St,4,h,1240000.0,19/08/2017,2.0,2.0,602.0,49.0,-37.76012,145.0854
ID703902113,39 Wilkinson St,2,h,800000.0,3/09/2017,1.0,0.0,140.0,129.0,-37.76806,144.9598
ID185373867,3/1 Centre St,4,u,660000.0,17/06/2017,2.0,2.0,283.0,12.0,-37.78579000000001,144.83597
ID748750434,1/17 Cosy Gum Rd,2,u,750000.0,8/07/2017,1.0,2.0,0.0,49.0,-37.88368,145.0515
ID416979145,13 Kyeamba Gr,3,h,2076000.0,16/09/2017,1.0,2.0,302.0,89.0,-37.84213,145.02527
ID669411904,8 Malleson St,3,h,1420000.0,14/05/2016,1.0,0.0,198.0,129.0,-37.8225,145.0007
ID271564642,2 Portland St,3,h,3000000.0,20/05/2017,2.0,7.0,230.0,8.0,-37.8213,144.9948
ID283267558,6/350 Somerville Rd,2,h,502000.0,6/05/2017,1.0,1.0,2701.0,8.0,-37.8109,144.8684
ID273013696,39 Keon St,3,h,1020000.0,18/03/2017,1.0,1.0,366.0,49.0,-37.7524,144.9912
ID262131875,16 Milford St,2,h,760000.0,28/08/2016,1.0,2.0,255.0,89.0,-37.8469,144.8766
ID303429933,33 Eamon Dr,4,h,1115000.0,1/07/2017,2.0,2.0,592.0,15.0,-37.73789,145.08952
ID839863768,3/19 Hawthorn Rd,1,u,350000.0,3/06/2017,1.0,1.0,0.0,59.0,-37.8681,145.02576000000005
ID641483184,7/7 Simpson St,2,u,430000.0,15/10/2016,1.0,1.0,0.0,49.0,-37.7813,145.0062
ID505666618,25/510 Glenferrie Rd,1,u,348000.0,3/12/2016,1.0,1.0,0.0,69.0,-37.8303,145.0341
ID155937017,7 Ballantyne St,3,h,1450000.0,26/08/2017,1.0,1.0,312.0,56.0,-37.7587,144.99966
ID283916379,1/9 Binnie St,2,u,817500.0,3/09/2017,1.0,1.0,111.0,94.0,-37.92416,145.00658
ID800604168,3/30 Beaumont Pde,1,h,280000.0,15/07/2017,1.0,1.0,45.0,49.0,-37.80728,144.86702
ID181044585,52/73 River St,2,u,615000.0,27/05/2017,2.0,1.0,14196.0,14.0,-37.81894000000001,145.01314
ID595194465,2/105 Raleigh Rd,2,t,479000.0,14/05/2016,2.0,1.0,0.0,64.0,-37.7691,144.8905
ID957233257,125 Epsom Rd,4,h,1100000.0,15/10/2016,2.0,5.0,559.0,99.0,-37.7791,144.9136
ID147502553,165 Spring St,2,h,762000.0,3/09/2017,1.0,1.0,556.0,69.0,-37.72422,145.00141000000005
ID237886064,2/746 Barkly St,2,t,520000.0,16/07/2016,1.0,1.0,148.0,109.0,-37.7956,144.8641
ID757520539,38A Carroll Cr,3,h,470000.0,19/08/2017,1.0,1.0,290.0,7.0,-37.6669,145.04234
ID915202770,26/670 Malvern Rd,2,u,888000.0,29/04/2017,1.0,1.0,0.0,114.0,-37.849000000000004,145.0088
ID916493462,9 Lynch St,3,h,1003000.0,3/12/2016,1.0,1.0,292.0,119.0,-37.797,144.9051
ID587890081,67 Wilson St,2,h,1460000.0,9/09/2017,1.0,2.0,175.0,119.0,-37.84401,144.99839
ID680207601,9/11 Smith St,2,u,535000.0,1/07/2017,1.0,1.0,0.0,8.0,-37.79122,144.93175
ID501043398,43 Woodside St,2,h,1802500.0,8/04/2017,2.0,1.0,182.0,139.0,-37.7843,144.9902
ID362412015,12/35 Princess St,1,u,331000.0,29/04/2017,1.0,1.0,0.0,49.0,-37.8105,144.8952
ID432649485,7 Kewarren Ct,4,h,975000.0,16/09/2017,2.0,2.0,301.0,14.0,-37.73697,144.97568
ID679262400,41 Armstrong St,5,h,715000.0,28/08/2016,2.0,2.0,654.0,7.0,-37.7907,144.821
ID555900826,106 Jukes Rd,3,h,850000.0,18/03/2017,1.0,2.0,604.0,54.0,-37.7017,144.9676
ID164963421,18A Middle St,3,t,1200000.0,24/06/2017,2.0,2.0,198.0,119.0,-37.7771,144.92793
ID539780224,84 Westbrook St,3,h,1650000.0,27/05/2017,3.0,1.0,204.0,109.0,-37.7927,145.05348999999995
ID543636167,4/135 Brunswick Rd,2,t,640000.0,16/09/2017,1.0,1.0,82.0,114.0,-37.777609999999996,144.96832
ID967638021,199 Elizabeth St,4,h,735000.0,7/11/2016,2.0,2.0,302.0,69.0,-37.7271,144.9842
ID423471531,2/635 Malvern Rd,2,u,876000.0,4/03/2017,1.0,1.0,649.0,84.0,-37.8486,145.00799999999995
ID171366206,1/137 Cole St,2,u,1300000.0,4/03/2017,2.0,1.0,244.0,19.0,-37.8954,145.0026
ID708886255,7 Tiernan St,3,h,690000.0,14/05/2016,1.0,1.0,594.0,59.0,-37.7512,145.017
ID129981308,527 Nicholson St,3,h,1330000.0,3/09/2016,1.0,1.0,314.0,119.0,-37.7871,144.9766
ID244967154,10/23 Baxter St,1,u,241000.0,28/08/2016,1.0,1.0,0.0,43.0,-37.7463,144.9635
ID873087260,5/1 Headley St,2,t,600000.0,4/03/2017,1.0,1.0,145.0,9.0,-37.7295,144.9641
ID361926318,21 Pullar St,3,h,490000.0,4/06/2016,1.0,2.0,306.0,59.0,-37.7838,144.8724
ID502283854,14 Pole St,3,h,970000.0,3/12/2016,1.0,0.0,137.0,129.0,-37.8078,144.8972
ID138164109,30 Newhaven Rd,3,h,968000.0,17/06/2017,1.0,1.0,612.0,7.0,-37.85586,145.15827
ID530124668,55 Park Dr,3,h,2790000.0,20/05/2017,2.0,1.0,180.0,129.0,-37.7961,144.9538
ID728481850,33 Livingstone St,3,h,1535000.0,15/10/2016,1.0,2.0,691.0,69.0,-37.7674,145.0392
ID289810619,87 Parkmore Rd,4,h,1415000.0,10/09/2016,2.0,2.0,604.0,49.0,-37.9153,145.0707
ID810363349,1/80 Delaware St,2,t,615000.0,20/05/2017,1.0,1.0,202.0,12.0,-37.7199,145.0091
ID204748974,47 Stevenson St,3,h,3001000.0,24/06/2017,1.0,3.0,784.0,59.0,-37.809779999999996,145.02185
ID468803775,2A Churchill St,3,h,1476000.0,18/03/2017,2.0,2.0,288.0,22.0,-37.7997,145.046
ID910674607,1/15 Allen St,3,u,860000.0,6/05/2017,1.0,1.0,0.0,20.0,-37.7769,145.088
ID887136455,156 Patterson Rd,3,h,1110000.0,6/08/2016,1.0,2.0,692.0,79.0,-37.9263,145.04
ID115431682,172 Albert St,2,h,1060000.0,10/12/2016,1.0,0.0,106.0,109.0,-37.8346,144.9373
ID125428356,20/310 Warrigal Rd,2,u,535000.0,17/06/2017,1.0,2.0,215.0,39.0,-37.96597,145.07535
ID197324498,178 Beaconsfield Pde,3,h,1396500.0,19/11/2016,1.0,1.0,302.0,119.0,-37.7636,144.9864
ID325583154,3/12 Somers St,2,u,605000.0,6/05/2017,1.0,1.0,81.0,54.0,-37.8495,145.0999
ID417180935,6/323 Church St,3,t,1052000.0,20/05/2017,1.0,2.0,0.0,9.0,-37.8221,144.9988
ID130527532,9/25 Derby St,2,u,557000.0,24/09/2016,1.0,1.0,0.0,27.0,-37.8034,145.0369
ID607106609,118 Barries Rd,3,h,283000.0,23/09/2017,1.0,0.0,362.0,43.0,-37.68755,144.56887
ID196007702,52 Stawell St,3,h,841000.0,19/11/2016,1.0,3.0,385.0,99.0,-37.734,144.9603
ID993746904,124 Oriel Rd,3,h,780000.0,27/05/2017,1.0,2.0,680.0,5.0,-37.75255,145.03972
ID987148254,38 Lily St,3,h,1325000.0,4/06/2016,3.0,2.0,227.0,4.0,-37.8033,144.8897
ID328548240,74 Forrester St,4,h,1275000.0,12/11/2016,2.0,2.0,503.0,11.0,-37.7513,144.8925
ID346170123,36 Belford Rd,4,h,1315000.0,17/09/2016,2.0,2.0,458.0,89.0,-37.7981,145.0472
ID112710167,3/7 Violet St,2,u,390000.0,18/06/2016,1.0,1.0,0.0,49.0,-37.7554,144.9127
ID605863515,4/425 Station St,4,h,880000.0,4/03/2017,2.0,2.0,206.0,16.0,-37.828,145.1215
ID202131024,17 James St,3,h,665000.0,7/11/2016,1.0,1.0,726.0,58.0,-37.7104,144.9733
ID669948201,330 Liberty Pde,3,h,687000.0,6/05/2017,1.0,2.0,489.0,4.0,-37.7364,145.0379
ID524177437,64 Bardsley St,4,h,625000.0,7/11/2016,2.0,2.0,611.0,59.0,-37.7917,144.8196
ID225796478,44 Lind St,5,h,1485000.0,18/06/2016,2.0,4.0,502.0,7.0,-37.7317,144.9177
ID822084199,112 Mason St,3,t,747000.0,24/09/2016,2.0,2.0,753.0,14.0,-37.8413,144.8741
ID645030036,64 Stewarts La,3,h,605000.0,26/08/2017,2.0,2.0,755.0,23.0,-37.565329999999996,144.71233
ID164036332,56 Eva St,4,h,1250000.0,12/08/2017,1.0,1.0,711.0,59.0,-37.9255,145.11331
ID556178679,22 Sycamore St,3,h,1450000.0,13/08/2016,2.0,1.0,478.0,94.0,-37.8893,145.0161
ID835359329,1/65 Keon Pde,3,u,500000.0,12/11/2016,1.0,1.0,359.0,59.0,-37.6957,145.0161
ID388331013,121 Murray Rd,4,h,830000.0,3/06/2017,1.0,2.0,540.0,54.0,-37.73935,145.01516999999996
ID548442202,79 Lincoln Rd,4,h,1726000.0,18/03/2017,2.0,2.0,705.0,44.0,-37.7497,144.9089
ID777645175,18/4 Dudley St,2,u,1400000.0,3/06/2017,2.0,2.0,0.0,39.0,-37.90115,144.98776
ID833402338,148 Adderley St,3,h,1370000.0,24/06/2017,1.0,0.0,121.0,18.0,-37.80973,144.9472
ID292817480,8 The Eyrie,4,h,810000.0,17/06/2017,2.0,2.0,838.0,34.0,-37.695679999999996,145.15787
ID563765055,61 Ray Dr,3,h,1260000.0,28/05/2016,2.0,2.0,458.0,22.0,-37.7908,145.0991
ID325745885,5/1 Clyde St,2,u,505000.0,10/09/2016,1.0,1.0,0.0,49.0,-37.7608,145.0059
ID966270429,301/35 Ormond Rd,2,u,1050000.0,4/03/2017,2.0,2.0,2381.0,10.0,-37.8831,144.9841
ID697324022,12/67 High St,2,u,530000.0,16/04/2016,1.0,1.0,0.0,131.0,-37.851,144.988
ID607605720,6 Brooke St,2,h,980000.0,28/05/2016,1.0,0.0,79.0,129.0,-37.8387,144.9519
ID243838291,133/95 Rouse St,2,u,1070000.0,10/09/2016,2.0,1.0,0.0,16.0,-37.8435,144.9415
ID535137733,56 Tennyson St,3,h,1050000.0,4/06/2016,1.0,1.0,274.0,119.0,-37.7984,144.929
ID241519761,5/33 Davison St,1,u,330000.0,29/07/2017,1.0,1.0,0.0,49.0,-37.81317,145.00834
ID242176635,2 Stewart Cl,5,h,750000.0,3/09/2017,2.0,4.0,647.0,36.0,-37.73726,144.82998
ID305198737,28 Oakwood Rd,3,h,526500.0,24/06/2017,1.0,2.0,529.0,54.0,-37.7438,144.77059
ID955922107,18/24 Dongola Rd,2,t,620000.0,10/09/2016,1.0,1.0,144.0,49.0,-37.7926,144.8809
ID884445063,13 Stewart St,2,h,1360000.0,8/10/2016,1.0,1.0,690.0,89.0,-37.9056,145.0288
ID710808531,12 Gurner St,4,h,1900000.0,12/11/2016,2.0,2.0,507.0,129.0,-37.8616,144.9807
ID443200990,43 Gardner St,2,h,1050000.0,13/05/2017,1.0,0.0,134.0,119.0,-37.817,145.0058
ID558464521,27 South St,3,h,923000.0,27/06/2016,1.0,0.0,333.0,99.0,-37.7423,145.0097
ID436611930,207 Rattray Rd,3,h,960000.0,1/07/2017,1.0,1.0,1285.0,49.0,-37.716,145.13452
ID973744794,23 Fenton Cr,4,h,980000.0,26/08/2017,2.0,2.0,937.0,59.0,-38.15845,145.11141
ID891047804,134 Coppin St,3,h,1456000.0,18/06/2016,2.0,1.0,157.0,119.0,-37.8225,145.0029
ID669948201,330 Liberty Pde,3,h,687000.0,6/05/2017,1.0,2.0,489.0,4.0,-37.7364,145.0379
ID918435969,1/1203 Burke Rd,3,t,1205000.0,8/07/2017,2.0,2.0,257.0,19.0,-37.81317,145.05993
ID666710606,151 Bulleen Rd,3,h,980000.0,14/05/2016,1.0,1.0,542.0,71.0,-37.7832,145.0779
ID540316888,115 Bignell Rd,2,h,1160000.0,30/07/2016,1.0,2.0,750.0,14.0,-37.9325,145.0694
ID120606376,23 Byron St,3,h,1520000.0,20/05/2017,2.0,1.0,362.0,119.0,-37.8772,144.9904
ID193518957,1/8 Short St,2,u,1100000.0,3/06/2017,1.0,1.0,258.0,39.0,-37.88245,145.15982
ID315109918,3/26 McArthur St,2,u,575000.0,15/07/2017,1.0,1.0,0.0,20.0,-37.85557,145.03968
ID945747377,3/24 South Rd,3,u,1602000.0,10/12/2016,2.0,2.0,328.0,19.0,-37.9288,144.9954
ID730642525,77B Fromer St,3,t,1235000.0,18/03/2017,2.0,2.0,0.0,7.0,-37.9289,145.0478
ID734481200,17 Plato Cr,3,h,1025000.0,23/09/2017,1.0,2.0,691.0,69.0,-37.908229999999996,145.16173
ID782279330,5/36 King St,2,u,395000.0,18/03/2017,1.0,1.0,0.0,44.0,-37.7461,144.9058
ID843433924,4 Raymond St,4,h,840000.0,30/07/2016,1.0,2.0,390.0,69.0,-37.7395,144.9843
ID483135522,25 Valencia St,2,h,1300000.0,8/10/2016,1.0,5.0,528.0,24.0,-37.7617,144.8987
ID254600396,73 Mareeba Wy,4,h,523000.0,19/08/2017,2.0,2.0,484.0,10.0,-37.58012,144.91998
ID557739574,13 Brooks St,4,t,1060000.0,10/12/2016,3.0,1.0,313.0,59.0,-37.9164,145.0765
ID839602979,102 Willis St,3,h,1450000.0,16/09/2017,1.0,1.0,464.0,71.0,-37.937529999999995,145.0102
ID998567113,2/120 Princess St,2,u,478000.0,14/05/2016,1.0,1.0,0.0,49.0,-37.7997,145.0304
ID860975145,30 Tennyson St,3,h,1505000.0,12/11/2016,2.0,2.0,249.0,12.0,-37.7609,144.9296
ID395303514,48 Electric St,3,h,637000.0,19/08/2017,1.0,5.0,670.0,39.0,-37.69215,144.91654
ID846154175,1A Kawarren St,3,h,1360000.0,12/08/2017,2.0,2.0,424.0,64.0,-37.78617,145.09202
ID458550498,3 Stenson Rd,3,h,515000.0,10/12/2016,1.0,4.0,597.0,44.0,-37.7392,144.8241
ID835989702,5 Byron Ct,3,h,650000.0,8/07/2017,2.0,2.0,1103.0,43.0,-37.78695,145.32513
ID312725493,47 Everett St,4,h,1250000.0,9/09/2017,2.0,2.0,600.0,15.0,-37.75465,144.94144
ID827862823,11 Dickinson St,2,h,542500.0,17/09/2016,1.0,1.0,359.0,59.0,-37.7133,144.9436
ID725068140,395 High St,2,h,1310000.0,18/03/2017,1.0,1.0,162.0,49.0,-37.8528,145.0017
ID742105925,50 Albion Cr,4,h,770000.0,29/07/2017,2.0,2.0,789.0,44.0,-37.696459999999995,145.12163
ID242472194,52 Monash St,3,h,1425000.0,13/08/2016,2.0,2.0,495.0,99.0,-37.7821,144.9055
ID550903834,5/72 Dover Rd,2,u,450000.0,14/05/2016,1.0,2.0,0.0,24.0,-37.8536,144.899
ID954895685,5 Davie La,2,h,502000.0,8/10/2016,2.0,0.0,116.0,19.0,-37.9252,145.0004
ID228906626,8 Hill St,3,h,2500000.0,17/06/2017,2.0,2.0,440.0,69.0,-37.833,145.01322
ID810806990,39 Crevelli St,3,h,612500.0,3/09/2017,1.0,1.0,170.0,69.0,-37.729240000000004,145.02981
ID843433924,4 Raymond St,4,h,840000.0,30/07/2016,1.0,2.0,390.0,69.0,-37.7395,144.9843
ID443915280,20 Atkinson Cl,3,t,1525000.0,3/09/2017,2.0,2.0,150.0,49.0,-37.8567,144.99665
ID380950364,5/22 Well St,2,u,737000.0,22/05/2016,1.0,1.0,106.0,44.0,-37.9159,144.9936
ID478708449,7/1245 Burke Rd,2,u,562500.0,3/12/2016,2.0,1.0,0.0,29.0,-37.8099,145.0606
ID767122335,2/1 Glen Iris Rd,3,t,1615000.0,3/09/2016,1.0,2.0,389.0,129.0,-37.8435,145.0695
ID915380374,6 Jennings St,4,h,1915000.0,16/09/2017,2.0,2.0,563.0,109.0,-37.95893,145.0128
ID151927001,4/206 Cotham Rd,3,u,1100000.0,27/11/2016,1.0,1.0,0.0,84.0,-37.8087,145.0452
ID931271472,40b Drysdale St,3,t,620500.0,7/05/2016,2.0,1.0,158.0,8.0,-37.7293,145.0216
ID292006292,124 Rathcown Rd,2,h,680000.0,27/06/2016,1.0,1.0,750.0,59.0,-37.7089,145.0192
ID919841602,30 Barton St,5,t,1500000.0,17/06/2017,3.0,2.0,365.0,11.0,-37.778209999999994,145.1569
ID611903342,2/2 Harrison St,3,h,720000.0,25/02/2017,2.0,1.0,231.0,7.0,-37.7527,145.0392
ID587097203,67/337 Station St,2,u,510000.0,27/06/2016,1.0,1.0,0.0,49.0,-37.7634,145.02100000000004
ID147920097,3/33 Sunray Av,2,t,751000.0,29/07/2017,1.0,1.0,171.0,9.0,-37.96304,145.06421
ID114762329,24b Munro St,3,h,1302500.0,6/08/2016,2.0,2.0,0.0,26.0,-37.9166,144.9942
ID960923631,2/95 Thomas St,3,t,1100000.0,24/09/2016,2.0,1.0,355.0,32.0,-37.9391,145.012
ID267906012,37 Ballarat St,3,h,1300000.0,23/09/2017,2.0,2.0,277.0,29.0,-37.81732,144.89091000000005
ID989879838,52 Charles St,2,h,1211000.0,24/09/2016,1.0,1.0,178.0,119.0,-37.777,144.9922
ID822181056,258 Nicholson St,3,h,920000.0,16/07/2016,2.0,1.0,309.0,109.0,-37.806999999999995,144.898
ID893533860,50 Towerhill Rd,4,h,755000.0,15/07/2017,1.0,1.0,622.0,59.0,-38.16146,145.12997
ID369555998,89 John St,3,h,610000.0,3/09/2016,1.0,2.0,696.0,59.0,-37.6972,144.9431
ID852681309,55 Ridge Dr,5,h,800000.0,22/07/2017,2.0,3.0,577.0,34.0,-37.75261,144.85631
ID674987115,60 Woiwurung Cr,2,t,631000.0,3/09/2017,2.0,1.0,1965.0,19.0,-37.73615,144.97455
ID747741661,6/383 Gilbert Rd,2,u,436000.0,18/03/2017,1.0,1.0,0.0,39.0,-37.7377,144.9899
ID132599773,791 High St,3,h,1800000.0,15/10/2016,2.0,2.0,405.0,109.0,-37.8545,145.0145
ID650126544,166a Morris St,2,u,550000.0,19/11/2016,1.0,1.0,0.0,14.0,-37.7922,144.8283
ID924254631,4 Chapman St,5,h,2900000.0,8/10/2016,4.0,2.0,640.0,69.0,-37.928000000000004,145.0095
ID142893675,18 Francis St,2,h,780000.0,20/05/2017,1.0,1.0,433.0,79.0,-37.7521,145.0516
ID689432544,25 Sydney St,4,h,816000.0,10/09/2016,1.0,2.0,837.0,89.0,-37.7825,144.8221
ID407201609,38 Warwick Rd,2,h,435000.0,6/08/2016,1.0,4.0,343.0,59.0,-37.7689,144.8402
ID872437157,135 Williams Rd,4,h,2300000.0,17/06/2017,2.0,2.0,291.0,129.0,-37.84961,145.00248
ID826088553,32 Millers Rd,3,t,663000.0,27/05/2017,2.0,2.0,244.0,9.0,-37.82017000000001,144.84904
ID790901065,7/517 Royal Pde,3,t,850000.0,17/06/2017,1.0,1.0,2429.0,49.0,-37.78033,144.95949
ID775385252,1 Barunah St,4,h,777000.0,13/08/2016,1.0,2.0,700.0,59.0,-37.704,144.9399
ID970362820,8/3 Carnarvon St,3,u,700000.0,4/06/2016,2.0,2.0,0.0,12.0,-37.7862,145.1235
ID402046876,15 Ferncroft Dr,4,h,600000.0,1/07/2017,2.0,2.0,505.0,10.0,-37.61957,145.0948
ID761380636,8/7 Neptune St,2,u,760000.0,27/05/2017,1.0,1.0,0.0,49.0,-37.95142,145.01977
ID484256747,59 Moore St,2,h,1130000.0,22/08/2016,1.0,2.0,520.0,44.0,-37.7543,144.9717
ID420471355,50 Thompson St,4,h,1630000.0,25/02/2017,2.0,2.0,265.0,9.0,-37.8656,144.9039
ID556701062,2/6 Sydney Rd,2,u,575000.0,24/09/2016,1.0,1.0,0.0,69.0,-37.7775,144.9607
ID410698425,9 Sullivan St,2,h,906000.0,22/07/2017,1.0,1.0,617.0,59.0,-37.7528,145.04443999999995
ID544261829,11 Carrathool St,3,h,1400000.0,10/12/2016,1.0,3.0,770.0,54.0,-37.7644,145.0886
ID640313699,43 Wards Gr,3,h,1360000.0,25/02/2017,1.0,3.0,676.0,69.0,-37.9233,145.0616
ID972784549,4a Gardner St,2,t,1081000.0,15/10/2016,1.0,1.0,126.0,24.0,-37.814,145.006
ID401308037,3/2 Cawkwell St,3,t,1390000.0,14/05/2016,2.0,1.0,227.0,24.0,-37.8577,145.0406
ID746394164,16 Cole Ct,3,h,3270000.0,28/08/2016,2.0,1.0,363.0,84.0,-37.8445,145.0182
ID590144632,3 Gavan Ct,3,h,570000.0,15/07/2017,1.0,3.0,909.0,54.0,-37.89074,144.65677
ID893072287,11 Marks St,4,h,1080000.0,29/07/2017,2.0,0.0,256.0,49.0,-37.768609999999995,144.96848
ID966037698,3 Henderson Rd,4,h,821000.0,1/07/2017,1.0,6.0,763.0,3.0,-37.69048,144.87312
ID140636458,4 Ananda Ct,3,h,711000.0,14/05/2016,1.0,2.0,658.0,59.0,-37.7147,145.0752
ID731734157,2/11 Dutton Ct,3,t,360000.0,29/07/2017,1.0,1.0,154.0,11.0,-37.64992,144.91883
ID608236682,69 Cumberland St,3,h,650000.0,19/11/2016,1.0,2.0,476.0,44.0,-37.769,144.8441
ID792171398,28 Mayston St,3,h,2680000.0,27/05/2017,2.0,4.0,522.0,59.0,-37.827009999999994,145.0541
ID139699548,19 Myrtle St,4,h,1470000.0,15/10/2016,2.0,1.0,694.0,69.0,-37.7565,145.0506
ID863268410,8 Hassett St,3,h,650000.0,12/11/2016,1.0,0.0,598.0,69.0,-37.7705,144.8307
ID137815874,7 Lisa Ct,4,h,472000.0,27/05/2017,2.0,2.0,546.0,29.0,-37.851459999999996,144.67109
ID316105734,35 Douglas St,3,h,1365000.0,10/09/2016,1.0,1.0,792.0,69.0,-37.864000000000004,145.0972
ID429349919,22 Champion St,3,h,2375000.0,17/09/2016,2.0,2.0,547.0,19.0,-37.9271,145.0034
ID791021393,173 Nelson Rd,4,h,3825000.0,12/08/2017,3.0,0.0,280.0,129.0,-37.83923,144.95113
ID334307236,4/34 Dean St,2,u,890000.0,17/09/2016,2.0,1.0,89.0,54.0,-37.8148,145.0571
ID272207432,15 Maughan Pde,5,h,1660000.0,28/05/2016,3.0,2.0,737.0,69.0,-37.7975,145.0961
ID867703104,21 Reid St,1,h,899000.0,22/05/2016,1.0,0.0,153.0,49.0,-37.7851,144.9784
ID906066890,24 Abraham Dr,4,h,720000.0,27/05/2017,2.0,3.0,879.0,119.0,-37.79079,145.30208000000005
ID306857370,1/136 High Street Rd,3,h,761000.0,7/11/2016,2.0,4.0,400.0,69.0,-37.8675,145.106
ID571325151,24 Martins La,3,h,820000.0,6/08/2016,2.0,2.0,555.0,59.0,-37.7324,145.0862
ID750383533,18 Lorraine St,4,h,2355000.0,25/02/2017,2.0,3.0,715.0,99.0,-37.7582,144.9128
ID446082755,209/5 Stawell St,1,u,443000.0,24/09/2016,1.0,1.0,547.0,119.0,-37.806,144.942
ID556437908,27 Hornby St,2,h,957500.0,24/06/2017,1.0,1.0,136.0,127.0,-37.85542,144.99571
ID592504769,5 Hanover St,3,h,985000.0,22/05/2016,1.0,2.0,384.0,79.0,-37.7626,144.9535
ID129676086,1/17 Albion St,2,h,981000.0,25/02/2017,1.0,0.0,159.0,89.0,-37.874,144.9933
ID341622127,2/13 Emily St,2,u,603000.0,20/05/2017,1.0,1.0,2.0,32.0,-37.8912,145.0644
ID558180957,43 Service St,4,h,2086000.0,26/08/2017,2.0,2.0,581.0,62.0,-37.94003,145.00778
ID691021671,18B Churchill St,3,t,816000.0,22/07/2017,1.0,2.0,0.0,9.0,-37.78738,145.16033000000004
ID617097708,14 Haldane St,3,h,920000.0,26/08/2017,1.0,2.0,645.0,69.0,-38.06688,145.12398000000005
ID757207497,14 Covala Ct,3,h,805000.0,15/07/2017,1.0,0.0,930.0,69.0,-37.6939,145.12899
ID602501732,23 Gray St,2,h,921000.0,16/09/2017,1.0,1.0,161.0,124.0,-37.81899,144.89507
ID837406247,136 Page St,5,h,6400000.0,9/09/2017,2.0,1.0,553.0,99.0,-37.84908,144.95753
ID537012357,3/1 Corhampton Rd,2,h,685000.0,22/05/2016,1.0,1.0,177.0,44.0,-37.7935,145.0679
ID740327428,4 Cascade St,5,h,900000.0,11/02/2017,2.0,2.0,558.0,32.0,-37.9366,145.0954
ID206016005,2 Scotchmer St,2,h,1210000.0,15/10/2016,1.0,1.0,223.0,134.0,-37.7829,144.9782
ID822297251,4/426 Buckley St,3,t,730000.0,18/06/2016,2.0,2.0,0.0,4.0,-37.7532,144.8848
ID661196655,61 Southernhay St,3,h,715000.0,15/10/2016,2.0,2.0,251.0,39.0,-37.7255,145.0088
ID299234510,6/11 Seymour Gr,2,u,530000.0,22/05/2016,1.0,1.0,0.0,89.0,-37.8361,145.0599
ID601324575,1/31 Cavanagh St,2,t,745000.0,3/06/2017,1.0,2.0,359.0,28.0,-37.96342,145.06516000000005
ID915244921,164 Liardet St,3,h,1342000.0,4/06/2016,2.0,2.0,173.0,119.0,-37.8375,144.941
ID988114304,12 Chesterville Ct,4,h,500000.0,27/05/2017,2.0,2.0,383.0,13.0,-37.61132,144.92075
ID953893182,9 Rowan St,3,h,629500.0,29/07/2017,1.0,1.0,610.0,59.0,-37.69865,144.91733
ID956580483,1/29 Logan St,3,h,1800000.0,27/11/2016,2.0,2.0,316.0,33.0,-37.8273,145.0786
ID687523677,4 Regent St,4,h,1520000.0,27/11/2016,2.0,0.0,261.0,109.0,-37.8123,144.8888
ID311418105,32 Sherlowe Cr,4,h,1295000.0,12/08/2017,2.0,2.0,702.0,41.0,-37.73226,145.09855
ID889595805,78 Edwin St,5,h,1587500.0,6/08/2016,5.0,2.0,599.0,6.0,-37.7521,145.0505
ID825133370,5 Cooloongatta Rd,3,h,1800000.0,16/04/2016,2.0,0.0,584.0,99.0,-37.8349,145.0758
ID400572068,41 Highfield Rd,3,h,1209000.0,9/09/2017,1.0,2.0,635.0,49.0,-37.78649,145.16773999999995
ID271362087,393A Brunswick Rd,3,h,1260000.0,18/03/2017,1.0,6.0,563.0,59.0,-37.7757,144.9505
ID316155204,84 Royal Tce,3,t,420000.0,27/05/2017,2.0,2.0,219.0,9.0,-37.57243,144.92663000000005
ID380791695,31 Bowen St,2,h,860000.0,11/02/2017,1.0,1.0,301.0,99.0,-37.7695,144.9092
ID541057112,2/19 Bruce St,2,t,1210000.0,19/11/2016,2.0,2.0,101.0,119.0,-37.8367,145.0076
ID180249630,1/37 Clunes St,3,u,488000.0,13/05/2017,1.0,1.0,260.0,58.0,-37.7157,145.0386
ID715678628,8/7 Passfield St,2,u,521500.0,3/09/2016,1.0,1.0,0.0,59.0,-37.768,144.9408
ID311243756,8 Merbein St,3,h,683500.0,14/05/2016,1.0,2.0,590.0,79.0,-37.717,144.9507
ID673001188,13/47 Marne St,1,u,390500.0,29/04/2017,1.0,0.0,775.0,59.0,-37.8354,144.984
ID171220568,12/37 Tennyson St,2,u,520000.0,12/08/2017,1.0,1.0,3256.0,49.0,-37.87594,144.98833
ID743729599,504/2 Golding St,2,u,600000.0,15/07/2017,1.0,1.0,0.0,5.0,-37.82214000000001,145.03288
ID268832786,106 Outlook Dr,3,h,600000.0,22/05/2016,1.0,4.0,541.0,51.0,-37.7051,144.9069
ID952504251,1 Lincoln Wy,4,h,430000.0,23/09/2017,1.0,3.0,675.0,39.0,-37.673629999999996,144.55888000000004
ID767817886,2 Monet Ct,3,h,1530000.0,8/07/2017,2.0,2.0,798.0,41.0,-37.77655,145.15386999999996
ID924752382,1/17 Ashburn Gr,3,t,955000.0,3/12/2016,2.0,2.0,203.0,89.0,-37.8655,145.0807
ID863540195,4/2 Paul St,4,t,1090000.0,22/04/2017,3.0,2.0,242.0,24.0,-37.7866,145.1046
ID378328627,239 Chesterville Rd,3,h,860000.0,22/04/2017,1.0,2.0,601.0,49.0,-37.9409,145.0602
ID920272897,2/8 Hughes St,2,h,630000.0,8/10/2016,1.0,1.0,148.0,16.0,-37.821999999999996,144.89
ID915380374,6 Jennings St,4,h,1915000.0,16/09/2017,2.0,2.0,563.0,109.0,-37.95893,145.0128
ID429120418,27 Glass St,3,h,1115000.0,14/05/2016,2.0,2.0,129.0,39.0,-37.824,145.0052
ID481226594,38 McLean St,2,h,887500.0,26/08/2017,1.0,2.0,434.0,21.0,-37.75336,144.93872
ID880918332,68A Emo Rd,3,h,1625000.0,18/03/2017,2.0,1.0,87.0,29.0,-37.8769,145.05200000000005
ID683854537,15 Ormond St,4,h,1675000.0,7/05/2016,2.0,2.0,279.0,17.0,-37.797,144.9303
ID235378173,5 Toolangi Gr,3,h,1045000.0,29/07/2017,1.0,2.0,520.0,99.0,-37.75371,145.01963999999995
ID566278971,45 Woodville St,4,h,1712000.0,17/09/2016,2.0,2.0,639.0,69.0,-37.7879,145.0929
ID336315989,2 Osborne Av,3,t,1435000.0,29/07/2017,3.0,2.0,307.0,5.0,-37.91648,145.04927
ID502658095,6 Lock St,4,h,752500.0,18/03/2017,1.0,2.0,0.0,69.0,-37.7106,144.9682
ID471934709,3/123 Waterdale Rd,3,t,962000.0,4/03/2017,2.0,1.0,108.0,59.0,-37.7668,145.0434
ID648311882,27 Quick St,4,h,975000.0,3/12/2016,1.0,1.0,733.0,59.0,-37.7194,144.9307
ID850230622,275A Koornang Rd,2,h,920000.0,17/06/2017,1.0,1.0,431.0,99.0,-37.89785,145.05524
ID539924879,23 Goleen St,3,h,782000.0,11/03/2017,1.0,3.0,576.0,3.0,-37.7269,144.9654
ID783422285,69 Watt St,3,h,985000.0,12/06/2016,1.0,5.0,669.0,69.0,-37.8321,144.8736
ID479109190,46 Yongala St,3,h,1850000.0,28/08/2016,1.0,1.0,607.0,69.0,-37.8058,145.0781
ID236554717,55 Burnett St,4,h,1120000.0,16/09/2017,2.0,2.0,981.0,16.0,-37.81188,145.20051999999995
ID827170793,4/38 MacFarlan St,2,u,965000.0,3/12/2016,2.0,2.0,2143.0,21.0,-37.8393,144.9886
ID676264086,1/70 Truganini Rd,2,t,795000.0,3/09/2016,2.0,1.0,133.0,10.0,-37.8911,145.0539
ID326399740,3 Gilbert St,5,h,1955000.0,8/10/2016,3.0,2.0,424.0,99.0,-37.8145,145.1131
ID771325447,29 Weybridge St,4,h,2360000.0,13/05/2017,2.0,2.0,764.0,89.0,-37.81800000000001,145.0946
ID710145350,1/31 Kenilworth St,1,u,270000.0,24/06/2017,1.0,1.0,0.0,39.0,-37.714079999999996,145.00441
ID393696156,1/20 Kensington Pl,3,t,630000.0,22/07/2017,1.0,2.0,169.0,18.0,-37.87345,145.22973000000005
ID196900608,28 Tucker St,2,h,855000.0,19/08/2017,1.0,1.0,332.0,83.0,-37.79136,144.87618999999995
ID795486869,201 Buckley St,2,h,680000.0,23/09/2017,1.0,0.0,298.0,119.0,-37.80257,144.88811
ID679748851,232 Brunswick Rd,3,h,1280000.0,23/09/2017,1.0,2.0,212.0,119.0,-37.77695,144.95785
ID181113173,8 Edith St,3,h,2450000.0,23/09/2017,1.0,0.0,984.0,79.0,-37.87376,145.15238
ID349112532,4 Turner Ct,3,h,1550000.0,17/06/2017,2.0,2.0,648.0,39.0,-37.88255,145.14727
ID122970164,90 Cooper St,4,h,1295000.0,15/10/2016,2.0,2.0,696.0,44.0,-37.7465,144.8983
ID335450229,12 Murillo Ct,5,h,1535000.0,4/03/2017,3.0,2.0,681.0,44.0,-37.7722,145.1309
ID989081284,4/435 Main Rd,3,u,569000.0,3/06/2017,1.0,2.0,280.0,32.0,-37.73103,145.13404
ID782178264,1/11 Rosstown Rd,2,u,480000.0,15/07/2017,1.0,1.0,830.0,51.0,-37.88414,145.0528
ID390946411,95 Beavers Rd,2,h,1118000.0,26/08/2017,2.0,1.0,173.0,109.0,-37.76623,144.99318
ID396410970,19 Sussex St,2,h,945000.0,10/12/2016,1.0,0.0,225.0,129.0,-37.7639,144.9093
ID177853938,1/410 Buckley St,3,t,800000.0,12/06/2016,3.0,2.0,242.0,6.0,-37.7535,144.8868
ID952815695,11 Raleigh St,3,h,770000.0,16/04/2016,1.0,0.0,438.0,99.0,-37.754,144.92600000000004
ID192458585,3/21 Jersey Pde,1,u,255000.0,4/03/2017,1.0,1.0,0.0,49.0,-37.8875,145.0599
ID870562911,1 Reilly Pl,3,h,1720000.0,8/07/2017,2.0,2.0,81.0,21.0,-37.83631,144.95536
ID255966215,19 Papworth Pl,3,h,510000.0,29/07/2017,1.0,1.0,670.0,59.0,-37.65168,144.91868
ID117123613,2/5 Loller St,3,t,1411000.0,12/11/2016,2.0,2.0,0.0,8.0,-37.9144,145.0004
ID585221001,12/250 Neerim Rd,2,t,700000.0,7/11/2016,2.0,1.0,106.0,29.0,-37.8881,145.0535
ID393598765,27 Pender St,3,h,980000.0,22/07/2017,1.0,3.0,397.0,94.0,-37.73724,145.00984
ID746492778,403/77 Village Wy,2,u,440000.0,15/07/2017,1.0,2.0,0.0,16.0,-37.77117,144.88041
ID353947885,1501/87 Franklin St,2,u,535000.0,7/05/2016,1.0,1.0,0.0,18.0,-37.808,144.9617
ID405379134,85 Tannock St,3,h,1575000.0,6/08/2016,2.0,2.0,645.0,66.0,-37.7851,145.0957
ID890629770,609 Nepean Hwy,2,h,805000.0,14/05/2016,1.0,2.0,347.0,99.0,-37.9137,145.0164
ID985577799,23 Redwood St,3,h,691000.0,3/09/2016,1.0,2.0,624.0,54.0,-37.7456,145.0397
ID243275449,95 Cochrane St,4,h,3295888.0,15/10/2016,3.0,2.0,565.0,29.0,-37.8975,144.9991
ID488176840,15 Highbury St,4,h,2400000.0,19/08/2017,2.0,2.0,746.0,4.0,-37.79483,145.07296000000005
ID965544146,19 Norfolk St,4,h,1100000.0,27/05/2017,2.0,2.0,726.0,58.0,-37.89814000000001,145.14457
ID440525635,18 Jessie St,2,h,1006000.0,26/08/2017,1.0,1.0,716.0,34.0,-37.71589,144.92176
ID165491482,6/87 Earl St,3,t,752000.0,8/04/2017,2.0,2.0,0.0,39.0,-37.794000000000004,145.033
ID580502025,13 Surman Ct,3,h,480000.0,6/08/2016,1.0,2.0,546.0,41.0,-37.7555,144.8295
ID995868354,34A Downs St,2,h,920000.0,3/06/2017,1.0,1.0,240.0,24.0,-37.75697,144.95543
ID373474114,20 Elizabeth St,3,h,1185000.0,16/07/2016,1.0,2.0,618.0,23.0,-37.9228,145.0527
ID760089179,43 The Crossway,3,h,860000.0,15/07/2017,1.0,1.0,568.0,59.0,-37.7465,144.8613
ID679650613,2/175 Kent St,2,t,855000.0,10/09/2016,1.0,1.0,92.0,49.0,-37.815,145.00799999999995
ID121284972,23 Prospect Dr,3,h,600000.0,22/08/2016,1.0,1.0,565.0,49.0,-37.7498,144.8585
ID476001269,10 Port St,3,h,807500.0,14/05/2016,1.0,3.0,647.0,49.0,-37.8481,144.8666
ID329008041,17 Hampshire Rd,3,h,702000.0,10/09/2016,1.0,1.0,542.0,69.0,-37.7949,144.8303
ID342715631,18 Fitzgerald St,4,h,3180000.0,10/12/2016,3.0,4.0,1148.0,59.0,-37.8088,145.0991
ID796015218,30 Browns Rd,2,u,772500.0,27/06/2016,1.0,2.0,318.0,14.0,-37.9218,145.0563
ID429844511,487 Brunswick Rd,3,h,1150000.0,27/11/2016,1.0,2.0,726.0,69.0,-37.7747,144.9421
ID658042707,32 Rose St,2,h,901000.0,27/06/2016,1.0,1.0,545.0,79.0,-37.7445,144.9471
ID249661910,84 Chestnut St,2,h,831000.0,22/05/2016,1.0,0.0,128.0,4.0,-37.8291,144.9952
ID676924517,4/175 Chetwynd St,2,u,720000.0,10/12/2016,2.0,1.0,0.0,21.0,-37.8015,144.9526
ID373465712,18 Kanowna St,4,h,2130000.0,30/07/2016,2.0,2.0,714.0,94.0,-37.9446,145.0092
ID774037165,68 Vincent St,4,h,855333.0,28/08/2016,1.0,2.0,694.0,45.0,-37.718,144.9138
ID559074306,4/32 Montgomery St,3,u,720000.0,12/08/2017,1.0,1.0,146.0,89.0,-37.75132,145.05331
ID478967898,47 Apollo Rd,4,h,688000.0,22/07/2017,2.0,1.0,645.0,8.0,-37.70841,144.79699
ID210054718,41 Grout St,4,h,2550000.0,16/09/2017,2.0,2.0,620.0,26.0,-37.934779999999996,145.01156
ID319461081,216 Sunshine Av,3,h,572000.0,23/09/2017,1.0,2.0,554.0,44.0,-37.73522,144.82044
ID662822240,72 Zetland Rd,4,h,1462000.0,27/05/2017,2.0,0.0,420.0,109.0,-37.81788,145.11453999999995
ID190421575,53 Queens Pde,3,h,783000.0,10/12/2016,2.0,1.0,603.0,79.0,-37.7194,144.9678
ID666861518,402/89 River St,2,u,801000.0,6/08/2016,2.0,1.0,0.0,19.0,-37.8361,144.9966
ID946360766,3 Hodgkinson St,3,h,1360000.0,27/06/2016,1.0,0.0,118.0,139.0,-37.7921,144.9858
ID583535101,5A Overman Ct,4,t,1162500.0,20/05/2017,2.0,1.0,230.0,5.0,-37.7547,144.9239
ID489200481,101 Holmes Rd,4,h,1120000.0,8/10/2016,1.0,1.0,571.0,104.0,-37.7659,144.9116
ID468864312,21 Tait St,3,h,950000.0,14/05/2016,2.0,2.0,281.0,69.0,-37.8431,144.8845
ID585059757,24 John St,2,h,920000.0,26/07/2016,1.0,1.0,307.0,9.0,-37.855,144.8985
ID223593063,1 Bute St,3,h,1315000.0,27/05/2017,3.0,2.0,122.0,69.0,-37.80401,144.89518999999999
ID268832786,106 Outlook Dr,3,h,600000.0,22/05/2016,1.0,4.0,541.0,51.0,-37.7051,144.9069
ID699150384,268d Mason St,4,t,847500.0,27/06/2016,3.0,1.0,252.0,59.0,-37.8393,144.8568
ID797183579,6 Mattea Ct,3,u,672000.0,27/06/2016,1.0,2.0,855.0,7.0,-37.7328,145.0348
ID162290803,14 Wanbrow Av,5,h,1950000.0,3/09/2017,3.0,2.0,743.0,70.0,-37.80235,145.09311
ID912856731,567 Grimshaw St,3,h,1234000.0,19/08/2017,1.0,2.0,896.0,54.0,-37.70042,145.0614
ID974249602,7 Park Dr,3,t,680000.0,18/03/2017,2.0,2.0,224.0,21.0,-37.749,144.8599
ID311161723,4/149 Church St,2,u,892500.0,7/05/2016,1.0,2.0,232.0,49.0,-37.9157,144.9973
ID883685623,1 Bellarine St,5,h,1400000.0,3/06/2017,2.0,2.0,558.0,94.0,-37.73472,144.99658
ID484262190,533 Sayers Rd,4,h,1305000.0,3/06/2017,2.0,0.0,4606.0,22.0,-37.849309999999996,144.6942
ID882427783,7 Colclough Ct,5,h,880000.0,30/07/2016,3.0,2.0,387.0,59.0,-37.7225,144.9055
ID727312850,7/8 The Avenue,1,u,501000.0,16/07/2016,1.0,1.0,0.0,14.0,-37.8571,144.9979
ID156619103,17 Parkhill Dr,4,h,1240000.0,19/11/2016,2.0,2.0,766.0,69.0,-37.8629,145.1097
ID377468063,12 Longfield St,3,h,1540000.0,25/02/2017,1.0,1.0,0.0,119.0,-37.8214,145.0119
ID922972633,1/7 Mary St,3,t,830000.0,27/05/2017,2.0,1.0,176.0,8.0,-37.749359999999996,144.89668999999995
ID229545582,20 Keith Gr,3,h,825000.0,23/04/2016,2.0,1.0,630.0,2.0,-37.7378,144.8705
ID683207027,5A Neil St,3,t,630000.0,29/04/2017,2.0,1.0,240.0,59.0,-37.7114,144.9396
ID305312511,56a Clifton St,3,h,1230000.0,14/05/2016,3.0,1.0,310.0,7.0,-37.7949,145.1014
ID174333880,316 Liberty Pde,2,h,650000.0,8/04/2017,1.0,2.0,465.0,59.0,-37.7369,145.0371
ID837931506,54 Ophir St,3,h,550000.0,29/07/2017,2.0,1.0,602.0,59.0,-37.68983,144.93499
ID859573768,5 Echo Av,4,h,496000.0,8/07/2017,2.0,2.0,448.0,11.0,-37.84688,144.68182
ID633599362,131 Lord St,4,h,3335000.0,3/12/2016,2.0,2.0,319.0,126.0,-37.8244,145.0044
ID377581013,25 Carrol Gr,4,h,1352000.0,17/06/2017,3.0,2.0,708.0,59.0,-37.891870000000004,145.11049
ID176605150,1/10 Schofield St,3,u,786000.0,3/06/2017,2.0,1.0,138.0,37.0,-37.75284,144.90975
ID448383751,61 Sutton St,4,h,2550000.0,4/03/2017,1.0,4.0,847.0,61.0,-37.7954,145.0838
ID674164971,3 Argyle Cr,4,h,455000.0,12/08/2017,1.0,4.0,534.0,36.0,-37.88496,144.66332
ID171189503,1 Sheppard Ct,4,h,810000.0,12/08/2017,2.0,2.0,749.0,30.0,-37.88413,144.79033
ID408569252,4/11 Bowen St,2,u,831000.0,6/08/2016,1.0,1.0,0.0,49.0,-37.8117,145.0222
ID910726580,31 Turner St,4,h,1542000.0,24/09/2016,3.0,1.0,0.0,99.0,-37.7994,144.9965
ID798002485,56 Severn St,4,h,1190000.0,27/05/2017,1.0,2.0,405.0,7.0,-37.816109999999995,144.87945
ID814936295,20 Robern Pde,4,h,1005000.0,7/11/2016,2.0,1.0,696.0,69.0,-37.7395,145.0875
ID934492201,4 Stott St,3,h,805000.0,30/07/2016,1.0,2.0,468.0,69.0,-37.7479,144.9941
ID483007839,9/343 Church St,2,u,715000.0,8/07/2017,1.0,2.0,2427.0,59.0,-37.822759999999995,144.99866
ID560734096,39 William St,3,h,972500.0,3/06/2017,1.0,1.0,448.0,89.0,-37.734429999999996,145.00201
ID258251597,2 Barclay Ct,3,h,880000.0,3/06/2017,2.0,2.0,705.0,18.0,-37.92266,145.16733
ID708406559,32 Caroline St,4,h,3010000.0,10/09/2016,3.0,2.0,382.0,116.0,-37.7897,144.9992
ID855664965,312 Edgars Rd,3,h,570000.0,12/08/2017,1.0,2.0,525.0,19.0,-37.6676,145.00445
ID709138370,4 Selby Ct,3,h,857000.0,3/09/2017,2.0,1.0,1007.0,39.0,-37.766529999999996,145.29163
ID355694687,507/99 River St,1,u,510000.0,4/06/2016,1.0,1.0,0.0,19.0,-37.8361,144.9966
ID376732666,46 Vinter Av,3,h,1005000.0,3/09/2017,1.0,8.0,1082.0,54.0,-37.80618,145.27755
ID140379097,40 Fawkner St,3,h,2300000.0,12/11/2016,2.0,1.0,350.0,139.0,-37.8422,144.9884
ID565580645,9/5 Boston Rd,3,h,1140000.0,4/06/2016,2.0,2.0,175.0,43.0,-37.8162,145.0771
ID502862398,176 Cotham Rd,4,h,2625000.0,18/03/2017,2.0,2.0,717.0,129.0,-37.8083,145.0418
ID200638166,60 Station St,3,h,1550000.0,1/07/2017,2.0,0.0,478.0,3.0,-37.78022,145.01771000000005
ID533415980,10 Olympic Wy,4,h,590000.0,29/07/2017,2.0,2.0,512.0,12.0,-37.58505,144.93591999999995
ID134373101,15 Ellendale St,3,t,1150000.0,6/08/2016,2.0,1.0,207.0,16.0,-37.7893,145.092
ID608597960,3/56 Banksia St,2,t,630000.0,20/05/2017,1.0,1.0,86.0,52.0,-37.7586,145.0629
ID235757751,23/4 Wests Rd,3,h,456000.0,18/03/2017,2.0,2.0,4977.0,14.0,-37.7737,144.8816
ID326301623,112 Newry St,4,h,1425000.0,4/03/2017,3.0,0.0,122.0,129.0,-37.7893,144.9696
ID382861906,5/22 Whitby St,2,u,403000.0,28/05/2016,1.0,2.0,0.0,42.0,-37.7643,144.9477
ID142353290,14 Alfrick Rd,3,h,567000.0,17/06/2017,1.0,1.0,420.0,12.0,-37.80106,145.28741000000005
ID746354120,3 Hutton St,3,h,880000.0,4/03/2017,1.0,1.0,586.0,7.0,-37.786,144.871
ID243539914,2/42 Faversham Rd,2,u,850000.0,3/06/2017,1.0,1.0,116.0,59.0,-37.82012,145.08526
ID541134794,5 Iskandar Pl,5,h,1650000.0,22/05/2016,4.0,2.0,500.0,12.0,-37.7863,145.1105
ID735717551,3b Manuka St,3,h,886000.0,28/05/2016,2.0,1.0,185.0,7.0,-37.9159,145.0787
ID533687695,2/2 Cooper St,3,h,532000.0,15/07/2017,1.0,1.0,206.0,34.0,-37.7864,144.8402
ID352150255,12/66 Woornack Rd,1,u,250000.0,10/09/2016,1.0,1.0,0.0,59.0,-37.8982,145.0625
ID421469292,2a Kent Rd,3,h,616000.0,24/09/2016,1.0,1.0,190.0,49.0,-37.7211,144.9508
ID481991002,95 Wanda St,4,h,1001000.0,12/08/2017,2.0,7.0,771.0,4.0,-37.92862,145.16664
ID919436335,203/551 Flinders La,1,u,275000.0,22/04/2017,1.0,0.0,0.0,19.0,-37.8199,144.9558
ID955167599,13 Batman St,5,h,2400000.0,28/05/2016,2.0,2.0,1315.0,29.0,-37.7548,144.8915
ID597910940,290 Oriel Rd,3,h,652000.0,11/02/2017,1.0,0.0,589.0,49.0,-37.7356,145.0448
ID579945056,1/22 Harrington St,3,u,660000.0,12/08/2017,1.0,2.0,211.0,49.0,-37.86473,144.81507
ID568846921,118 The Avenue,4,t,840000.0,17/09/2016,3.0,2.0,278.0,4.0,-37.8261,144.8718
ID141231523,11/6 Sydney Rd,1,u,370000.0,28/05/2016,1.0,1.0,0.0,54.0,-37.7775,144.9607
ID964976178,5/323 Beach Rd,2,u,600000.0,29/07/2017,1.0,1.0,0.0,59.0,-37.97853,145.0175
ID929496242,1/104 Cheddar Rd,3,h,410000.0,15/10/2016,1.0,1.0,250.0,59.0,-37.6974,145.0213
ID261932754,12b Coates St,4,t,1435000.0,6/08/2016,3.0,2.0,291.0,7.0,-37.9278,145.0337
ID898849955,54 Pine St,3,h,793000.0,26/07/2016,1.0,2.0,589.0,69.0,-37.7195,144.9982
ID202834149,20 Ambon St,3,h,910000.0,22/04/2017,1.0,1.0,674.0,64.0,-37.7341,145.0275
ID448429971,117 Lord St,2,h,1088000.0,17/09/2016,1.0,0.0,158.0,84.0,-37.8239,145.0045
ID696756056,32 Sweetland Rd,3,h,910000.0,13/05/2017,1.0,2.0,414.0,5.0,-37.8247,145.1359
ID292567207,137 Ingles St,3,t,950000.0,27/11/2016,2.0,2.0,0.0,7.0,-37.8317,144.9446
ID170247629,62 Campbell St,4,h,4005000.0,28/05/2016,3.0,3.0,800.0,10.0,-37.8022,145.0565
ID411138884,24 Thompson St,4,h,835000.0,27/05/2017,2.0,2.0,573.0,59.0,-37.76272,144.85568999999995
ID202337204,7/13 Stephen St,2,u,501344.0,13/08/2016,1.0,1.0,0.0,69.0,-37.8106,144.8957
ID541986905,371 Waterdale Rd,3,u,828000.0,30/07/2016,1.0,0.0,641.0,69.0,-37.7518,145.0457
ID928882483,47 Studley St,2,h,1180000.0,27/11/2016,1.0,0.0,162.0,119.0,-37.8016,144.9956
ID588475013,33 Hockey La,3,h,1255000.0,15/10/2016,2.0,2.0,308.0,99.0,-37.7759,144.9338
ID848785772,35 Pakington St,3,h,1678000.0,27/06/2016,2.0,2.0,361.0,3.0,-37.8663,144.9882
ID211587669,3/3 First St,3,u,945000.0,23/09/2017,2.0,2.0,749.0,39.0,-37.97676,145.01851000000005
ID844655406,1/53 Buckley St,2,u,435000.0,26/08/2017,1.0,1.0,1475.0,49.0,-37.75799,144.92354
ID363999312,10 Botherambo St,2,t,1200000.0,25/02/2017,2.0,1.0,170.0,79.0,-37.8229,144.9931
ID638506160,103 Woodland St,3,h,1550000.0,15/07/2017,1.0,1.0,730.0,39.0,-37.74253,144.91753
ID554291069,8 Nyah St,3,h,915000.0,11/03/2017,1.0,2.0,610.0,27.0,-37.7359,144.868
ID625197672,79 Darebin Bvd,3,h,622500.0,17/09/2016,1.0,1.0,456.0,59.0,-37.7038,145.0281
ID670871610,2/26 Grandview Rd,3,u,773000.0,26/07/2016,1.0,1.0,275.0,69.0,-37.7383,144.8898
ID745999395,32 Margaret St,4,h,1620000.0,3/09/2016,2.0,2.0,697.0,79.0,-37.8151,145.135
ID686592500,37 Stirling St,3,h,1362000.0,3/12/2016,2.0,0.0,497.0,129.0,-37.7958,144.9024
ID256358651,25 Franleigh Dr,3,h,620000.0,15/07/2017,2.0,2.0,668.0,25.0,-38.00908,145.30264
ID494891658,806/50 Albert Rd,2,u,593000.0,3/09/2016,2.0,1.0,0.0,7.0,-37.8341,144.9713
ID362182036,71 Cecil St,4,h,2200000.0,7/05/2016,1.0,2.0,735.0,34.0,-37.8028,145.0534
ID924058453,103 High St,4,h,1430000.0,8/07/2017,2.0,2.0,736.0,51.0,-37.781009999999995,145.1111
ID406875749,53 Gloucester Rd,2,h,1450000.0,8/04/2017,1.0,1.0,627.0,10.0,-37.8689,145.0882
ID798006586,25 Panorama St,3,h,1462000.0,17/06/2017,1.0,1.0,816.0,54.0,-37.92027,145.12937
ID364442384,17a Edinburgh St,3,t,830000.0,4/06/2016,2.0,2.0,292.0,7.0,-37.9168,145.069
ID883383996,321a Union Rd,3,h,1500000.0,28/08/2016,2.0,2.0,404.0,8.0,-37.8075,145.1011
ID622340552,5/39 Service St,2,t,598000.0,22/08/2016,1.0,1.0,108.0,12.0,-37.7379,144.9617
ID412823614,310/330 Lygon St,2,u,445000.0,27/06/2016,1.0,1.0,0.0,119.0,-37.7685,144.9724
ID321874659,79 Freeman Cr,3,h,705000.0,8/07/2017,2.0,2.0,531.0,30.0,-37.66462,145.05659
ID922876279,19/740 Orrong Rd,2,u,751000.0,3/06/2017,1.0,1.0,2076.0,54.0,-37.83872,145.01452
ID222939994,148 Rachelle Rd,4,h,1160000.0,26/08/2017,3.0,4.0,670.0,49.0,-37.73492,144.87231
ID665573307,32 Princes St,3,h,1300000.0,22/04/2017,1.0,0.0,223.0,79.0,-37.7927,144.9745
ID115496368,288 Church St,3,h,1555000.0,25/02/2017,2.0,1.0,189.0,119.0,-37.82,144.9987
ID201714731,2/11 Blackburn St,2,u,823000.0,17/09/2016,1.0,2.0,165.0,49.0,-37.821999999999996,145.0989
ID757376559,28 Atkin St,4,h,550000.0,8/07/2017,2.0,2.0,1241.0,49.0,-37.686859999999996,144.58157
ID802892907,2/1 Darook St,2,u,725000.0,17/06/2017,2.0,2.0,311.0,59.0,-37.83459000000001,145.15721000000005
ID806416118,1 Monterey Bvd,3,h,452000.0,3/06/2017,1.0,0.0,624.0,57.0,-38.1187,145.14973
ID751229000,73 Major Rd,3,h,526000.0,7/11/2016,1.0,1.0,404.0,59.0,-37.7075,144.9678
ID229551375,11 Kirrum Cl,5,h,1310000.0,29/07/2017,3.0,2.0,818.0,34.0,-37.87846,145.24212
ID869235867,8/42 Grosvenor St,2,u,575000.0,12/11/2016,1.0,1.0,0.0,109.0,-37.9097,144.9914
ID780067375,1 McDonnell Rd,2,h,820000.0,12/11/2016,1.0,4.0,629.0,59.0,-37.7276,144.9688
ID808001109,45 Allison Cr,4,h,905000.0,26/08/2017,2.0,0.0,2000.0,44.0,-37.70232,145.1419
ID347470778,33 Lindsay St,4,h,1540000.0,6/05/2017,2.0,2.0,780.0,49.0,-37.7766,145.1
ID261149881,62 Hodgson St,5,h,2080000.0,26/07/2016,4.0,2.0,646.0,3.0,-37.7625,145.1043
ID949975652,31 Paxton Dr,3,h,1300000.0,19/08/2017,2.0,3.0,733.0,49.0,-37.89014,145.18268999999995
ID355500099,47 Warburton Rd,3,h,1680000.0,17/09/2016,2.0,1.0,325.0,109.0,-37.826,145.0729
ID924254631,4 Chapman St,5,h,2900000.0,8/10/2016,4.0,2.0,640.0,69.0,-37.928000000000004,145.0095
ID361468544,40 New St,2,h,1210000.0,12/11/2016,1.0,0.0,249.0,109.0,-37.8543,145.016
ID203639020,27 Parsons St,3,h,910000.0,7/11/2016,1.0,1.0,725.0,10.0,-37.7918,144.8419
ID709230203,21D Yuille St,5,h,710000.0,26/08/2017,2.0,2.0,1670.0,19.0,-37.678129999999996,144.59292
ID158668890,57 Cobden St,4,h,2130000.0,6/08/2016,2.0,2.0,649.0,34.0,-37.802,145.036
ID468134990,20 Kooyong Rd,3,t,1715000.0,16/09/2017,3.0,1.0,1889.0,99.0,-37.861090000000004,145.01994
ID731574872,6/26 Parkside St,2,u,975000.0,3/06/2017,1.0,1.0,1764.0,49.0,-37.8879,145.01198
ID238379888,6 Duff St,4,h,1660000.0,29/07/2017,2.0,2.0,390.0,15.0,-37.96,145.02068
ID874042557,21 Fiddes St,3,h,1224000.0,3/09/2016,1.0,3.0,834.0,59.0,-37.9376,145.0474
ID397311910,8 Centenary Cr,3,h,383000.0,22/07/2017,1.0,2.0,548.0,59.0,-37.8889,144.65743999999995
ID998555998,11 Webb St,2,h,1322500.0,26/08/2017,1.0,1.0,731.0,69.0,-37.85621,145.10641
ID958836443,11 Inverloch St,3,h,1330000.0,27/11/2016,2.0,3.0,502.0,69.0,-37.7406,145.0155
ID381693837,5 Hibiscus Rd,4,h,1250000.0,12/08/2017,2.0,2.0,580.0,54.0,-37.8051,145.14351000000005
ID554547091,94 Mason St,2,h,801000.0,18/06/2016,1.0,1.0,343.0,99.0,-37.8414,144.8752
ID778823348,159 Graham Rd,3,h,870000.0,22/08/2016,1.0,2.0,698.0,59.0,-37.7343,145.0837
ID999078887,21 Barkly St,3,h,1200000.0,10/12/2016,1.0,2.0,550.0,69.0,-37.8275,145.1298
ID203558319,4/254 Waverley Rd,2,u,611000.0,22/07/2017,1.0,1.0,161.0,49.0,-37.8837,145.11526
ID675478107,50 Hotham Rd,3,h,1015000.0,22/08/2016,1.0,1.0,643.0,69.0,-37.736,144.8839
ID890431808,5/8 Violet St,2,u,440000.0,27/11/2016,1.0,1.0,1011.0,49.0,-37.7556,144.9132
ID720877202,6/105 Locksley Rd,2,u,490000.0,7/05/2016,1.0,1.0,0.0,59.0,-37.7669,145.0505
ID654970106,16 Heather Ct,3,h,695000.0,3/06/2017,1.0,2.0,649.0,64.0,-37.69777,144.91952
ID654259539,1/39 Neville St,3,h,870000.0,28/08/2016,2.0,1.0,326.0,69.0,-37.9236,145.0545
ID729724093,129 Kerferd Rd,3,h,1900000.0,18/03/2017,1.0,0.0,209.0,119.0,-37.8468,144.9546
ID543822703,195 Blackshaws Rd,3,h,975000.0,13/05/2017,2.0,2.0,333.0,9.0,-37.8334,144.8673
ID457800329,12 Stonemark Ct,3,h,910000.0,11/02/2017,1.0,1.0,412.0,39.0,-37.7941,144.881
ID275795195,9A Comas Rd,3,h,1150000.0,23/09/2017,2.0,2.0,335.0,23.0,-37.97316,145.04041999999995
ID995868354,34A Downs St,2,h,920000.0,3/06/2017,1.0,1.0,240.0,24.0,-37.75697,144.95543
ID856326394,42a Essex Rd,4,h,1725000.0,18/06/2016,2.0,2.0,798.0,44.0,-37.8308,145.0916
ID273013696,39 Keon St,3,h,1020000.0,18/03/2017,1.0,1.0,366.0,49.0,-37.7524,144.9912
ID715678628,8/7 Passfield St,2,u,521500.0,3/09/2016,1.0,1.0,0.0,59.0,-37.768,144.9408
ID814936295,20 Robern Pde,4,h,1005000.0,7/11/2016,2.0,1.0,696.0,69.0,-37.7395,145.0875
ID541134794,5 Iskandar Pl,5,h,1650000.0,22/05/2016,4.0,2.0,500.0,12.0,-37.7863,145.1105
ID229551375,11 Kirrum Cl,5,h,1310000.0,29/07/2017,3.0,2.0,818.0,34.0,-37.87846,145.24212
ID193518957,1/8 Short St,2,u,1100000.0,3/06/2017,1.0,1.0,258.0,39.0,-37.88245,145.15982
ID952504251,1 Lincoln Wy,4,h,430000.0,23/09/2017,1.0,3.0,675.0,39.0,-37.673629999999996,144.55888000000004
ID626452282,3/46 Tibrockney St,2,h,548000.0,17/06/2017,1.0,1.0,0.0,49.0,-37.95037,145.03473
ID767817886,2 Monet Ct,3,h,1530000.0,8/07/2017,2.0,2.0,798.0,41.0,-37.77655,145.15386999999996
ID203558319,4/254 Waverley Rd,2,u,611000.0,22/07/2017,1.0,1.0,161.0,49.0,-37.8837,145.11526
ID927658476,506/220 Commercial Rd,3,u,1400000.0,4/06/2016,2.0,2.0,0.0,99.0,-37.847,144.9936
ID484262190,533 Sayers Rd,4,h,1305000.0,3/06/2017,2.0,0.0,4606.0,22.0,-37.849309999999996,144.6942
ID381693837,5 Hibiscus Rd,4,h,1250000.0,12/08/2017,2.0,2.0,580.0,54.0,-37.8051,145.14351000000005
ID479109190,46 Yongala St,3,h,1850000.0,28/08/2016,1.0,1.0,607.0,69.0,-37.8058,145.0781
ID858864608,34 Martin St,4,h,1031000.0,22/05/2016,1.0,1.0,570.0,79.0,-37.7523,145.0604
ID252450831,4 Holberry St,3,h,560000.0,22/07/2017,1.0,1.0,639.0,59.0,-37.69142,144.93025
ID369555998,89 John St,3,h,610000.0,3/09/2016,1.0,2.0,696.0,59.0,-37.6972,144.9431
ID502283854,14 Pole St,3,h,970000.0,3/12/2016,1.0,0.0,137.0,129.0,-37.8078,144.8972
